Alabama,Arizona,0.26077882934020724
Alabama,Arizona St,0.4514780139538822
Alabama,Arkansas,0.47245763956375175
Alabama,Auburn,0.34805268186310434
Alabama,Brooklyn,0.9815811117302815
Alabama,Bucknell,0.7615084511578423
Alabama,Buffalo,0.7796682040529047
Alabama,Butler,0.4209136814708313
Alabama,Cincinnati,0.24056145525233874
Alabama,Clemson,0.409884392567893
Alabama,Col Charleston,0.7376689311763338
Alabama,Creighton,0.4128821347379247
Alabama,CS Fullerton,0.911065899558367
Alabama,Davidson,0.6019293854882483
Alabama,Duke,0.18811609465455392
Alabama,Florida,0.4563548822454918
Alabama,Florida St,0.2749729409951328
Alabama,Georgia St,0.819578206817275
Alabama,Gonzaga,0.24233739705563817
Alabama,Houston,0.45153202126844916
Alabama,Iona,0.8329675967785867
Alabama,Kansas,0.17244155310556875
Alabama,Kansas St,0.3217841024125251
Alabama,Kentucky,0.3216528365095207
Alabama,Lipscomb,0.8887275050134633
Alabama,Loyola-Chicago,0.6522738293093583
Alabama,Marshall,0.7621426027350464
Alabama,Miami FL,0.3860736342781085
Alabama,Michigan,0.2857034854698468
Alabama,Michigan St,0.2132294952306334
Alabama,Missouri,0.5921514006117008
Alabama,Montana,0.8264366376188882
Alabama,Mt St Mary's,0.9259335481081014
Alabama,Murray St,0.762248947821631
Alabama,NC Central,0.959453970496792
Alabama,NC State,0.4980547234313717
Alabama,Nevada,0.37882601523289794
Alabama,New Mexico St,0.6575723192755409
Alabama,North Carolina,0.30293144231631497
Alabama,Ohio St,0.46094281148367233
Alabama,Oklahoma,0.5013147462042483
Alabama,Penn,0.844441125312029
Alabama,Providence,0.48219976240178763
Alabama,Purdue,0.23944025085006504
Alabama,Radford,0.9240670632665471
Alabama,Rhode Island,0.4108650727121256
Alabama,S Dakota St,0.7260634237145969
Alabama,San Diego St,0.6948005392243718
Alabama,Seton Hall,0.383078698446947
Alabama,SF Austin,0.7753346614443712
Alabama,St Bonaventure,0.4981365676668642
Alabama,Syracuse,0.4225091968226491
Alabama,TCU,0.3968819393011045
Alabama,Tennessee,0.3993771850397201
Alabama,Texas,0.4946842400347521
Alabama,Texas A&M,0.498121447026211
Alabama,Texas Tech,0.3724460948173238
Alabama,UCLA,0.35852024699566365
Alabama,UMBC,0.9029445372128309
Alabama,UNC Greensboro,0.7772553684412503
Alabama,Villanova,0.15249406925405784
Alabama,Virginia,0.1882658129548609
Alabama,Virginia Tech,0.3591900561624858
Alabama,West Virginia,0.21738357564372468
Alabama,Wichita St,0.26745522934663646
Alabama,Wright St,0.8448528614941822
Alabama,Xavier,0.20944969150778636
Arizona,Arizona St,0.7111718128290183
Arizona,Arkansas,0.7281985006283258
Arizona,Auburn,0.614951198296788
Arizona,Brooklyn,0.9937665397276358
Arizona,Bucknell,0.9052311990876869
Arizona,Buffalo,0.9136876917699297
Arizona,Butler,0.6849811768199014
Arizona,Cincinnati,0.486547976657251
Arizona,Clemson,0.675099130614643
Arizona,Col Charleston,0.893753726316131
Arizona,Creighton,0.6778086299712882
Arizona,CS Fullerton,0.9684004348568294
Arizona,Davidson,0.8189564739454428
Arizona,Duke,0.4093833093485181
Arizona,Florida,0.7151962866926964
Arizona,Florida St,0.5315197604745665
Arizona,Georgia St,0.9314561325475377
Arizona,Gonzaga,0.48897066937669253
Arizona,Houston,0.7112166059632343
Arizona,Iona,0.9371792804799721
Arizona,Kansas,0.3839919020972179
Arizona,Kansas St,0.5866655670292122
Arizona,Kentucky,0.5865196920648067
Arizona,Lipscomb,0.9598282866671808
Arizona,Loyola-Chicago,0.8487501675073813
Arizona,Marshall,0.9055305994766503
Arizona,Miami FL,0.652928281053293
Arizona,Michigan,0.5447397886266985
Arizona,Michigan St,0.4477452931868122
Arizona,Missouri,0.8128519621253062
Arizona,Montana,0.9344021045633908
Arizona,Mt St Mary's,0.9739571110438037
Arizona,Murray St,0.9055807785097372
Arizona,NC Central,0.9860703661636772
Arizona,NC State,0.7480052208603525
Arizona,Nevada,0.6459419049217721
Arizona,New Mexico St,0.851735349337433
Arizona,North Carolina,0.5652275207311843
Arizona,Ohio St,0.7189451150545534
Arizona,Oklahoma,0.7504552436384735
Arizona,Penn,0.9419929631752565
Arizona,Providence,0.7358582628818755
Arizona,Purdue,0.48501248384941564
Arizona,Radford,0.9732658849957263
Arizona,Rhode Island,0.6759874733988234
Arizona,S Dakota St,0.8880050350863167
Arizona,San Diego St,0.8719645969755649
Arizona,Seton Hall,0.6500551682613445
Arizona,SF Austin,0.9116915225967963
Arizona,St Bonaventure,0.7480669251414809
Arizona,Syracuse,0.6863912113071318
Arizona,TCU,0.6631377451519188
Arizona,Tennessee,0.6654599579635474
Arizona,Texas,0.7454553339737382
Arizona,Texas A&M,0.7480555260976998
Arizona,Texas Tech,0.6396961228834865
Arizona,UCLA,0.6257414147738604
Arizona,UMBC,0.9653154724967672
Arizona,UNC Greensboro,0.9125779306074085
Arizona,Villanova,0.3499203359710995
Arizona,Virginia,0.4096202811440298
Arizona,Virginia Tech,0.6264229420704002
Arizona,West Virginia,0.4538327424199391
Arizona,Wichita St,0.5220383265976367
Arizona,Wright St,0.942164181574153
Arizona,Xavier,0.4421445564181187
Arizona St,Arkansas,0.5405875661034142
Arizona St,Auburn,0.41226239945773036
Arizona St,Brooklyn,0.9859194095244964
Arizona St,Bucknell,0.8075170744433586
Arizona St,Buffalo,0.8229878741830757
Arizona St,Butler,0.4884934282188037
Arizona St,Cincinnati,0.2938798364335903
Arizona St,Clemson,0.477152432493986
Arizona St,Col Charleston,0.7869901203390771
Arizona St,Creighton,0.4802417753739163
Arizona St,CS Fullerton,0.9308428448156388
Arizona St,Davidson,0.6651879001133705
Arizona St,Duke,0.23338259592268562
Arizona St,Florida,0.5244712909358913
Arizona St,Florida St,0.33257826260231826
Arizona St,Georgia St,0.8564953898382219
Arizona St,Gonzaga,0.2958960355271554
Arizona St,Houston,0.5196166125325153
Arizona St,Iona,0.8675877238801755
Arizona St,Kansas,0.21493480328070758
Arizona St,Kansas St,0.3840021111594205
Arizona St,Kentucky,0.38385982964819965
Arizona St,Lipscomb,0.9129976296210619
Arizona St,Loyola-Chicago,0.7113682360722909
Arizona St,Marshall,0.8080597240791858
Arizona St,Miami FL,0.45242993153990974
Arizona St,Michigan,0.34448868926193865
Arizona St,Michigan St,0.2625845684125655
Arizona St,Missouri,0.6560759415067114
Arizona St,Montana,0.8621864509760988
Arizona St,Mt St Mary's,0.9426125199086262
Arizona St,Murray St,0.8081507075301801
Arizona St,NC Central,0.9688385381135781
Arizona St,NC State,0.5659161508322537
Arizona St,Nevada,0.44483922756129657
Arizona St,New Mexico St,0.7161581118914722
Arizona St,North Carolina,0.3634577125834265
Arizona St,Ohio St,0.5290775702009463
Arizona St,Oklahoma,0.5691167313956628
Arizona St,Penn,0.8770342405355604
Arizona St,Providence,0.5502691674347042
Arizona St,Purdue,0.2926058739082388
Arizona St,Radford,0.9411396287621434
Arizona St,Rhode Island,0.4781636456314301
Arizona St,S Dakota St,0.7769066864909726
Arizona St,San Diego St,0.7494439025556564
Arizona St,Seton Hall,0.44929696025515287
Arizona St,SF Austin,0.8193088945432179
Arizona St,St Bonaventure,0.5659965720655515
Arizona St,Syracuse,0.49012829552653514
Arizona St,TCU,0.4636928269052718
Arizona St,Tennessee,0.4662833726877289
Arizona St,Texas,0.5626011625432827
Arizona St,Texas A&M,0.5659817145922302
Arizona St,Texas Tech,0.43813170669871093
Arizona St,UCLA,0.4234069073502488
Arizona St,UMBC,0.9243775844135597
Arizona St,UNC Greensboro,0.8209404797511164
Arizona St,Villanova,0.1912075603032216
Arizona St,Virginia,0.23355797705576065
Arizona St,Virginia Tech,0.4241177930150467
Arizona St,West Virginia,0.26737341074657506
Arizona St,Wichita St,0.32418984376208837
Arizona St,Wright St,0.8773722362897766
Arizona St,Xavier,0.2582170119711015
Arkansas,Auburn,0.37804873158311336
Arkansas,Brooklyn,0.9837864134201355
Arkansas,Bucknell,0.7842721895291961
Arkansas,Buffalo,0.8011512300830134
Arkansas,Butler,0.45282758720644356
Arkansas,Cincinnati,0.26506001978529903
Arkansas,Clemson,0.44159975676847973
Arkansas,Col Charleston,0.7619969497073235
Arkansas,Creighton,0.4446546746879074
Arkansas,CS Fullerton,0.9210348202793979
Arkansas,Davidson,0.6325755625177085
Arkansas,Duke,0.20874171164283906
Arkansas,Florida,0.48868826783150854
Arkansas,Florida St,0.3015842776136727
Arkansas,Georgia St,0.8379785391789929
Arkansas,Gonzaga,0.26695324699043466
Arkansas,Houston,0.48382780886671795
Arkansas,Iona,0.8502519097721553
Arkansas,Kansas,0.19175447381679234
Arkansas,Kansas St,0.35073418734314143
Arkansas,Kentucky,0.3505972166735426
Arkansas,Lipscomb,0.9009281206409679
Arkansas,Loyola-Chicago,0.6810975799162385
Arkansas,Marshall,0.7848629124023382
Arkansas,Miami FL,0.4172492955024034
Arkansas,Michigan,0.3129051183185657
Arkansas,Michigan St,0.23580887412956364
Arkansas,Missouri,0.6230789741181422
Arkansas,Montana,0.8442704175697846
Arkansas,Mt St Mary's,0.9343559834963016
Arkansas,Murray St,0.7849619654476948
Arkansas,NC Central,0.9642119725842023
Arkansas,NC State,0.5304597660972663
Arkansas,Nevada,0.4098070917894969
Arkansas,New Mexico St,0.6861681828860773
Arkansas,North Carolina,0.3310132208619374
Arkansas,Ohio St,0.49330629611662125
Arkansas,Oklahoma,0.5337063675508493
Arkansas,Penn,0.8607366697407326
Arkansas,Providence,0.5146308759261955
Arkansas,Purdue,0.26386430522617876
Arkansas,Radford,0.9326863152553079
Arkansas,Rhode Island,0.4425994056457412
Arkansas,S Dakota St,0.7511045699430733
Arkansas,San Diego St,0.7216037178377176
Arkansas,Seton Hall,0.4141756722954373
Arkansas,SF Austin,0.7971302778746671
Arkansas,St Bonaventure,0.5305413069624951
Arkansas,Syracuse,0.45444913963414213
Arkansas,TCU,0.4283214621808744
Arkansas,Tennessee,0.4308731589631273
Arkansas,Texas,0.5271002726479169
Arkansas,Texas A&M,0.5305262424994845
Arkansas,Texas Tech,0.4032441189588797
Arkansas,UCLA,0.38888031117309607
Arkansas,UMBC,0.9137376139321878
Arkansas,UNC Greensboro,0.7989129768854139
Arkansas,Villanova,0.17003194753683903
Arkansas,Virginia,0.20890362166546161
Arkansas,Virginia Tech,0.3895723943281626
Arkansas,West Virginia,0.2402685052523318
Arkansas,Wichita St,0.293633671870149
Arkansas,Wright St,0.8611123685033246
Arkansas,Xavier,0.2317467141017111
Auburn,Brooklyn,0.9899902956092645
Auburn,Bucknell,0.8556128173599145
Auburn,Buffalo,0.86785054261556
Auburn,Butler,0.5742783144536447
Auburn,Cincinnati,0.3702249933151952
Auburn,Clemson,0.5631383525497504
Auburn,Col Charleston,0.8391935490781638
Auburn,Creighton,0.5661815541254729
Auburn,CS Fullerton,0.9500300449256361
Auburn,Davidson,0.7372768845539748
Auburn,Duke,0.3007043713626766
Auburn,Florida,0.6090513076076947
Auburn,Florida St,0.4130952905578572
Auburn,Georgia St,0.8939599880199948
Auburn,Gonzaga,0.37248866866975394
Auburn,Houston,0.6044088146802689
Auburn,Iona,0.9024861583836564
Auburn,Kansas,0.2788708901886682
Auburn,Kansas St,0.46823465628031324
Auburn,Kentucky,0.46808488062694265
Auburn,Lipscomb,0.9367997133778282
Auburn,Loyola-Chicago,0.7768496819763093
Auburn,Marshall,0.8560440469939907
Auburn,Miami FL,0.5385496480832768
Auburn,Michigan,0.4260485385188091
Auburn,Michigan St,0.3346527923921352
Auburn,Missouri,0.7293285166435552
Auburn,Montana,0.898341636176458
Auburn,Mt St Mary's,0.9586792548686152
Auburn,Murray St,0.8561163350167323
Auburn,NC Central,0.9777362158159009
Auburn,NC State,0.6480710341412632
Auburn,Nevada,0.5309149960006282
Auburn,New Mexico St,0.7808875977010934
Auburn,North Carolina,0.44644988212278147
Auburn,Ohio St,0.6134421469654647
Auburn,Oklahoma,0.6510393906637149
Auburn,Penn,0.9097020890658433
Auburn,Providence,0.6334673949384224
Auburn,Purdue,0.36879292741138336
Auburn,Radford,0.9576001794508108
Auburn,Rhode Island,0.564135175795091
Auburn,S Dakota St,0.8310508030821434
Auburn,San Diego St,0.8086112206609464
Auburn,Seton Hall,0.5354034261016579
Auburn,SF Austin,0.8649509727830454
Auburn,St Bonaventure,0.6481456980903615
Auburn,Syracuse,0.5758770515841408
Auburn,TCU,0.5498037977972907
Auburn,Tennessee,0.5523799258779298
Auburn,Texas,0.6449898642239018
Auburn,Texas A&M,0.6481319045527194
Auburn,Texas Tech,0.5241349406542084
Auburn,UCLA,0.5091388862466334
Auburn,UMBC,0.9452530307110731
Auburn,UNC Greensboro,0.8662377099921691
Auburn,Villanova,0.25033619919269223
Auburn,Virginia,0.3009104854268023
Auburn,Virginia Tech,0.5098664295961381
Auburn,West Virginia,0.3401497012132213
Auburn,Wichita St,0.4039050426983163
Auburn,Wright St,0.9099595094486735
Auburn,Xavier,0.3296223469988745
Brooklyn,Bucknell,0.05905940970472323
Brooklyn,Buffalo,0.06503584327417378
Brooklyn,Butler,0.014086839509697469
Brooklyn,Cincinnati,0.006188177047937504
Brooklyn,Clemson,0.013469759697797068
Brooklyn,Col Charleston,0.05238064606320725
Brooklyn,Creighton,0.01363526236067103
Brooklyn,CS Fullerton,0.1676207840053674
Brooklyn,Davidson,0.028866202895061477
Brooklyn,Duke,0.0045340218503483465
Brooklyn,Florida,0.016233214579827293
Brooklyn,Florida St,0.007400058510267482
Brooklyn,Georgia St,0.08197494015360984
Brooklyn,Gonzaga,0.006248096459578356
Brooklyn,Houston,0.015925404161693968
Brooklyn,Iona,0.08927686129127177
Brooklyn,Kansas,0.004079370427425899
Brooklyn,Kansas St,0.009240385270780416
Brooklyn,Kentucky,0.009234879778968863
Brooklyn,Lipscomb,0.1356974683432406
Brooklyn,Loyola-Chicago,0.03556246413648956
Brooklyn,Marshall,0.05925392923048889
Brooklyn,Miami FL,0.012210777204518353
Brooklyn,Michigan,0.00780119033997273
Brooklyn,Michigan St,0.005299279255808309
Brooklyn,Missouri,0.027748379548496183
Brooklyn,Montana,0.085589029133191
Brooklyn,Mt St Mary's,0.19726704413526142
Brooklyn,Murray St,0.05928664319722099
Brooklyn,NC Central,0.3174799939110128
Brooklyn,NC State,0.019131829339839257
Brooklyn,Nevada,0.011846124162785743
Brooklyn,New Mexico St,0.03637539390054223
Brooklyn,North Carolina,0.008470318544979372
Brooklyn,Ohio St,0.01653095952027983
Brooklyn,Oklahoma,0.01937807871662567
Brooklyn,Penn,0.09641984561678585
Brooklyn,Providence,0.01797677044306578
Brooklyn,Purdue,0.006150488554824141
Brooklyn,Radford,0.19304113274704515
Brooklyn,Rhode Island,0.013523722901271795
Brooklyn,S Dakota St,0.04952130569190161
Brooklyn,San Diego St,0.04283401707478973
Brooklyn,Seton Hall,0.012059085479310117
Brooklyn,SF Austin,0.06352908271540914
Brooklyn,St Bonaventure,0.019137973887257242
Brooklyn,Syracuse,0.01417799334537262
Brooklyn,TCU,0.012770337148487965
Brooklyn,Tennessee,0.012902288143575746
Brooklyn,Texas,0.01888044934460209
Brooklyn,Texas A&M,0.019136838543142964
Brooklyn,Texas Tech,0.01153188278148154
Brooklyn,UCLA,0.010867022839701534
Brooklyn,UMBC,0.15460572074346635
Brooklyn,UNC Greensboro,0.06419027048868087
Brooklyn,Villanova,0.003524536252926924
Brooklyn,Virginia,0.0045384471552298855
Brooklyn,Virginia Tech,0.010898360001459939
Brooklyn,West Virginia,0.005430478282973272
Brooklyn,Wichita St,0.0071258437091574756
Brooklyn,Wright St,0.09669356617857272
Brooklyn,Xavier,0.005181069504367697
Bucknell,Buffalo,0.5317375530579378
Bucknell,Butler,0.18913561538903967
Bucknell,Cincinnati,0.09227095047466638
Bucknell,Clemson,0.1822680683445841
Bucknell,Col Charleston,0.47434131971341353
Bucknell,Creighton,0.1841205085887888
Bucknell,CS Fullerton,0.766760169894634
Bucknell,Davidson,0.32671026153131966
Bucknell,Duke,0.06920855154284777
Bucknell,Florida,0.2122127641604873
Bucknell,Florida St,0.10850060273027351
Bucknell,Georgia St,0.5931202969525244
Bucknell,Gonzaga,0.09308632620450275
Bucknell,Houston,0.20897823776972768
Bucknell,Iona,0.6154297114872274
Bucknell,Kansas,0.06267695618623426
Bucknell,Kansas St,0.13213665749386438
Bucknell,Kentucky,0.13206768999035456
Bucknell,Lipscomb,0.719341143093571
Bucknell,Loyola-Chicago,0.37576484812941946
Bucknell,Marshall,0.5069619513510062
Bucknell,Miami FL,0.16791738441899384
Bucknell,Michigan,0.1137539935541444
Bucknell,Michigan St,0.08001227090414897
Bucknell,Missouri,0.3178334285356683
Bucknell,Montana,0.6044323101121586
Bucknell,Mt St Mary's,0.80046881395501
Bucknell,Murray St,0.5071086024584842
Bucknell,NC Central,0.883635149189095
Bucknell,NC State,0.24151454965069286
Bucknell,Nevada,0.16367330428427918
Bucknell,New Mexico St,0.3812800771206315
Bucknell,North Carolina,0.1223899606303539
Bucknell,Ohio St,0.21531835448042547
Bucknell,Oklahoma,0.2439113566183706
Bucknell,Penn,0.6353036514758887
Bucknell,Providence,0.23008278700379903
Bucknell,Purdue,0.09175738918376908
Bucknell,Radford,0.7961367199204552
Bucknell,Rhode Island,0.18287292354944662
Bucknell,S Dakota St,0.45962013593492534
Bucknell,San Diego St,0.4221500350015772
Bucknell,Seton Hall,0.1661567560845426
Bucknell,SF Austin,0.5254953924354995
Bucknell,St Bonaventure,0.24157452622982334
Bucknell,Syracuse,0.19014103091109136
Bucknell,TCU,0.17435278074401295
Bucknell,Tennessee,0.1758568979098022
Bucknell,Texas,0.23905333323101097
Bucknell,Texas A&M,0.2415634448580689
Bucknell,Texas Tech,0.15998361293882335
Bucknell,UCLA,0.1520766930256432
Bucknell,UMBC,0.7490901793955496
Bucknell,UNC Greensboro,0.528252433622412
Bucknell,Villanova,0.05458912756034662
Bucknell,Virginia,0.06927170800187799
Bucknell,Virginia Tech,0.15245247407781115
Bucknell,West Virginia,0.08184101588516013
Bucknell,Wichita St,0.10487586196678123
Bucknell,Wright St,0.6360303468801465
Bucknell,Xavier,0.07835874516205421
Buffalo,Butler,0.1722052551603077
Buffalo,Cincinnati,0.08312252159351852
Buffalo,Clemson,0.16582673345724408
Buffalo,Col Charleston,0.4459207305956505
Buffalo,Creighton,0.1675463128307363
Buffalo,CS Fullerton,0.7456727917569879
Buffalo,Davidson,0.30205237640149163
Buffalo,Duke,0.062190043268465
Buffalo,Florida,0.19371015787564316
Buffalo,Florida St,0.0979166218122155
Buffalo,Georgia St,0.5652355280066182
Buffalo,Gonzaga,0.08386452388495103
Buffalo,Houston,0.19068938274027414
Buffalo,Iona,0.5880118620019121
Buffalo,Kansas,0.05628077264110487
Buffalo,Kansas St,0.11955623707253471
Buffalo,Kentucky,0.11949293172211051
Buffalo,Lipscomb,0.6956681882874414
Buffalo,Loyola-Chicago,0.3493255373688685
Buffalo,Marshall,0.47836551764717294
Buffalo,Miami FL,0.15252908312734004
Buffalo,Michigan,0.10271660066239496
Buffalo,Michigan St,0.07198287626958133
Buffalo,Missouri,0.2935534036996166
Buffalo,Montana,0.5767695987908676
Buffalo,Mt St Mary's,0.7815608335242117
Buffalo,Murray St,0.478511925034658
Buffalo,NC Central,0.871341472847272
Buffalo,NC State,0.22117441968912877
Buffalo,Nevada,0.14860447791581843
Buffalo,New Mexico St,0.3546731918677145
Buffalo,North Carolina,0.11061922105030297
Buffalo,Ohio St,0.19661255345784268
Buffalo,Oklahoma,0.2234288312536742
Buffalo,Penn,0.6084011292318755
Buffalo,Providence,0.21043831263752344
Buffalo,Purdue,0.08265524211634345
Buffalo,Radford,0.7769326208965583
Buffalo,Rhode Island,0.16638812991172425
Buffalo,S Dakota St,0.43135777974083944
Buffalo,San Diego St,0.3945096376989712
Buffalo,Seton Hall,0.15090054160810784
Buffalo,SF Austin,0.49690716269416235
Buffalo,St Bonaventure,0.2212308183943621
Buffalo,Syracuse,0.17313988859896534
Buffalo,TCU,0.1584870567300638
Buffalo,Tennessee,0.15988080669100768
Buffalo,Texas,0.21886067366855122
Buffalo,Texas A&M,0.22122039801992088
Buffalo,Texas Tech,0.14519550837513195
Buffalo,UCLA,0.13789948269224528
Buffalo,UMBC,0.7269740984823019
Buffalo,UNC Greensboro,0.4996721592832716
Buffalo,Villanova,0.048975181688355685
Buffalo,Virginia,0.06224722329000698
Buffalo,Virginia Tech,0.1382459435138903
Buffalo,West Virginia,0.0736427931559176
Buffalo,Wichita St,0.09460794281667173
Buffalo,Wright St,0.6091484511780407
Buffalo,Xavier,0.0704825725363023
Butler,Cincinnati,0.3095346379120477
Butler,Clemson,0.4957162790256595
Butler,Col Charleston,0.7991829826974612
Butler,Creighton,0.49881114740623167
Butler,CS Fullerton,0.9354765641873306
Butler,Davidson,0.6815314634873604
Butler,Duke,0.24694175980375432
Butler,Florida,0.542964305784736
Butler,Florida St,0.3492748355998485
Butler,Georgia St,0.8653902173605605
Butler,Gonzaga,0.31161084233804437
Butler,Houston,0.5381321629237886
Butler,Iona,0.8758946398266461
Butler,Kansas,0.22774057744965803
Butler,Kansas St,0.4017264202513028
Butler,Kentucky,0.4015818528138493
Butler,Lipscomb,0.9187226257008029
Butler,Loyola-Chicago,0.72638479994469
Butler,Marshall,0.8193234269116976
Butler,Miami FL,0.4708982109930031
Butler,Michigan,0.3614593745183833
Butler,Michigan St,0.27722679496547575
Butler,Missouri,0.6726454044825678
Butler,Montana,0.8707817488370326
Butler,Mt St Mary's,0.9465029608636777
Butler,Murray St,0.8194102643848897
Butler,NC Central,0.9710057397362956
Butler,NC State,0.5840755877798138
Butler,Nevada,0.4632597982746759
Butler,New Mexico St,0.7310197015272053
Butler,North Carolina,0.3808199901275272
Butler,Ohio St,0.5475459872521455
Butler,Oklahoma,0.5872399323910811
Butler,Penn,0.8848271989182063
Butler,Providence,0.5685841760918846
Butler,Purdue,0.3082224345597222
Butler,Radford,0.9451241076903923
Butler,Rhode Island,0.4967294574238803
Butler,S Dakota St,0.789522367188582
Butler,San Diego St,0.7631391025738306
Butler,Seton Hall,0.4677465964233397
Butler,SF Austin,0.8300512966234865
Butler,St Bonaventure,0.5841551168486026
Butler,Syracuse,0.5087057965577384
Butler,TCU,0.48221597929762694
Butler,Tennessee,0.4848164606112414
Butler,Texas,0.5807965517659586
Butler,Texas A&M,0.5841404242700068
Butler,Texas Tech,0.4565029174368386
Butler,UCLA,0.44164600892816963
Butler,UMBC,0.9294116439953471
Butler,UNC Greensboro,0.8316058179628567
Butler,Villanova,0.20296514864660264
Butler,Virginia,0.2471240456976629
Butler,Virginia Tech,0.4423640234910031
Butler,West Virginia,0.2821804883920972
Butler,Wichita St,0.34068025053352924
Butler,Wright St,0.8851465793367468
Butler,Xavier,0.2727057605925203
Cincinnati,Clemson,0.6747636371809844
Cincinnati,Col Charleston,0.8936084340669687
Cincinnati,Creighton,0.6774745977206025
Cincinnati,CS Fullerton,0.9683536078324345
Cincinnati,Davidson,0.8187296415944638
Cincinnati,Duke,0.40901363018124426
Cincinnati,Florida,0.7148847113099941
Cincinnati,Florida St,0.5311389745134825
Cincinnati,Georgia St,0.9313584387617718
Cincinnati,Gonzaga,0.48858857502732556
Cincinnati,Houston,0.7109024366956136
Cincinnati,Iona,0.9370891928179561
Cincinnati,Kansas,0.3836302585201129
Cincinnati,Kansas St,0.586294716377348
Cincinnati,Kentucky,0.5861488028591173
Cincinnati,Lipscomb,0.9597692844023685
Cincinnati,Loyola-Chicago,0.8485537610575464
Cincinnati,Marshall,0.9053997075109685
Cincinnati,Miami FL,0.6525816754480005
Cincinnati,Michigan,0.544360536687795
Cincinnati,Michigan St,0.4473672120087071
Cincinnati,Missouri,0.8126192313294
Cincinnati,Montana,0.9343083134697495
Cincinnati,Mt St Mary's,0.9739182966181228
Cincinnati,Murray St,0.9054499488101211
Cincinnati,NC Central,0.9860493467871149
Cincinnati,NC State,0.7477168773328451
Cincinnati,Nevada,0.6455921094181627
Cincinnati,New Mexico St,0.8515421412753696
Cincinnati,North Carolina,0.5648517023925828
Cincinnati,Ohio St,0.7186360274387968
Cincinnati,Oklahoma,0.7501687672007573
Cincinnati,Penn,0.94190935066355
Cincinnati,Providence,0.7355609339534281
Cincinnati,Purdue,0.484630549279897
Cincinnati,Radford,0.9732260686841899
Cincinnati,Rhode Island,0.6756524565561531
Cincinnati,S Dakota St,0.8878528679104629
Cincinnati,San Diego St,0.8717937822448617
Cincinnati,Seton Hall,0.6497072327424094
Cincinnati,SF Austin,0.911568333262813
Cincinnati,St Bonaventure,0.7477786284113711
Cincinnati,Syracuse,0.6860619558038914
Cincinnati,TCU,0.6627960697166881
Cincinnati,Tennessee,0.6651194484622058
Cincinnati,Texas,0.7451650667705533
Cincinnati,Texas A&M,0.7477672207215167
Cincinnati,Texas Tech,0.6393436020895935
Cincinnati,UCLA,0.6253832362950901
Cincinnati,UMBC,0.9652642378814918
Cincinnati,UNC Greensboro,0.9124558590663319
Cincinnati,Villanova,0.34957257134041575
Cincinnati,Virginia,0.4092505362651573
Cincinnati,Virginia Tech,0.6260650260635847
Cincinnati,West Virginia,0.45345374161604446
Cincinnati,Wichita St,0.5216567696190235
Cincinnati,Wright St,0.9420808006855435
Cincinnati,Xavier,0.4417674214163174
Clemson,Col Charleston,0.8003116156112424
Clemson,Creighton,0.5005729687839789
Clemson,CS Fullerton,0.9359006368788481
Clemson,Davidson,0.6830590924639527
Clemson,Duke,0.2482546215249367
Clemson,Florida,0.5447125842453517
Clemson,Florida St,0.35087825500400904
Clemson,Georgia St,0.8662090448532438
Clemson,Gonzaga,0.31312455774034564
Clemson,Houston,0.5398832617716023
Clemson,Iona,0.8766586764093522
Clemson,Kansas,0.22898239671006249
Clemson,Kansas St,0.40342135031053117
Clemson,Kentucky,0.40327658407143685
Clemson,Lipscomb,0.919247306425573
Clemson,Loyola-Chicago,0.7277832125574153
Clemson,Marshall,0.8203643093498045
Clemson,Miami FL,0.472654419318311
Clemson,Michigan,0.36308751896584046
Clemson,Michigan St,0.27864109087160516
Clemson,Missouri,0.6741952814684078
Clemson,Montana,0.8715726469326246
Clemson,Mt St Mary's,0.946858680623051
Clemson,Murray St,0.8204507561815202
Clemson,NC Central,0.9712034892142728
Clemson,NC State,0.5857865755488578
Clemson,Nevada,0.46501255597346325
Clemson,New Mexico St,0.7324031524418583
Clemson,North Carolina,0.3824831050558737
Clemson,Ohio St,0.549291287835405
Clemson,Oklahoma,0.588947064043355
Clemson,Penn,0.8855434295204455
Clemson,Providence,0.5703120086989996
Clemson,Purdue,0.30972709586563685
Clemson,Radford,0.945488467872104
Clemson,Rhode Island,0.49849123922670535
Clemson,S Dakota St,0.790691074782556
Clemson,San Diego St,0.7644105931508538
Clemson,Seton Hall,0.4695014807383382
Clemson,SF Austin,0.8310431203488459
Clemson,St Bonaventure,0.5858660094281497
Clemson,Syracuse,0.51046697096476
Clemson,TCU,0.4839757875807592
Clemson,Tennessee,0.4865768408777109
Clemson,Texas,0.5825113867872878
Clemson,Texas A&M,0.5858513344420159
Clemson,Texas Tech,0.45825193674969633
Clemson,UCLA,0.4433845431849669
Clemson,UMBC,0.9298725895085584
Clemson,UNC Greensboro,0.8325903992107445
Clemson,Villanova,0.20410757844073657
Clemson,Virginia,0.24843755682139868
Clemson,Virginia Tech,0.4441031360995168
Clemson,West Virginia,0.2836101395863455
Clemson,Wichita St,0.34226496715263344
Clemson,Wright St,0.8858610799970789
Clemson,Xavier,0.2741057390569238
Col Charleston,Creighton,0.2009311471418459
Col Charleston,CS Fullerton,0.7855484321140733
Col Charleston,Davidson,0.35093982447118544
Col Charleston,Duke,0.07651134748373489
Col Charleston,Florida,0.2308625270819411
Col Charleston,Florida St,0.11941752035226116
Col Charleston,Georgia St,0.6189446077503544
Col Charleston,Gonzaga,0.10263086310745084
Col Charleston,Houston,0.2274258050413328
Col Charleston,Iona,0.6406958316235569
Col Charleston,Kansas,0.06934189098712984
Col Charleston,Kansas St,0.14504482241693772
Col Charleston,Kentucky,0.14497024303274242
Col Charleston,Lipscomb,0.7406572030488356
Col Charleston,Loyola-Chicago,0.4014631760948074
Col Charleston,Marshall,0.5339578861937513
Col Charleston,Miami FL,0.1835815163189496
Col Charleston,Michigan,0.12512529970339337
Col Charleston,Michigan St,0.08834685766919925
Col Charleston,Missouri,0.34173880931808986
Col Charleston,Montana,0.6299865531549851
Col Charleston,Mt St Mary's,0.8171891226631721
Col Charleston,Murray St,0.5341038868591805
Col Charleston,NC Central,0.8943064934705023
Col Charleston,NC State,0.2618833815835031
Col Charleston,Nevada,0.1790267097803666
Col Charleston,New Mexico St,0.4071095993904672
Col Charleston,North Carolina,0.13449354353102183
Col Charleston,Ohio St,0.2341599200272938
Col Charleston,Oklahoma,0.26441186262359384
Col Charleston,Penn,0.6599854443097416
Col Charleston,Providence,0.24980502176809793
Col Charleston,Purdue,0.1011808667003794
Col Charleston,Radford,0.8131353042951982
Col Charleston,Rhode Island,0.1995975210629961
Col Charleston,S Dakota St,0.48658306556114783
Col Charleston,San Diego St,0.44874019781933805
Col Charleston,Seton Hall,0.18169251139504405
Col Charleston,SF Austin,0.5523725574897331
Col Charleston,St Bonaventure,0.26194666955341994
Col Charleston,Syracuse,0.20736165026070952
Col Charleston,TCU,0.1904798111443795
Col Charleston,Tennessee,0.19209068572419463
Col Charleston,Texas,0.25928554969866724
Col Charleston,Texas A&M,0.26193497642721153
Col Charleston,Texas Tech,0.17506335586940336
Col Charleston,UCLA,0.16655892181133936
Col Charleston,UMBC,0.7688727656581655
Col Charleston,UNC Greensboro,0.5551056457821302
Col Charleston,Villanova,0.06044948533340089
Col Charleston,Virginia,0.07658061983558717
Col Charleston,Virginia Tech,0.16696344192390167
Col Charleston,West Virginia,0.0903473889197377
Col Charleston,Wichita St,0.11547531230163799
Col Charleston,Wright St,0.6606892258880241
Col Charleston,Xavier,0.08653729184153269
Creighton,CS Fullerton,0.9377767925022551
Creighton,Davidson,0.6898835756299051
Creighton,Duke,0.25421941126785175
Creighton,Florida,0.5525646588116871
Creighton,Florida St,0.3581340914747052
Creighton,Georgia St,0.8698413511861689
Creighton,Gonzaga,0.31998453446017516
Creighton,Houston,0.5477494741148141
Creighton,Iona,0.8800465712684604
Creighton,Kansas,0.23462865856370752
Creighton,Kansas St,0.4110756439088591
Creighton,Kentucky,0.41093002292280645
Creighton,Lipscomb,0.9215700487476617
Creighton,Loyola-Chicago,0.7340196743951968
Creighton,Marshall,0.8249897899719453
Creighton,Miami FL,0.48056416199574103
Creighton,Michigan,0.37045174427837435
Creighton,Michigan St,0.28505912484135887
Creighton,Missouri,0.6811215230896006
Creighton,Montana,0.8750803362549651
Creighton,Mt St Mary's,0.9484317725099273
Creighton,Murray St,0.8250744854993097
Creighton,NC Central,0.972077177029763
Creighton,NC State,0.5934589630200995
Creighton,Nevada,0.4729090974740472
Creighton,New Mexico St,0.7385717917011378
Creighton,North Carolina,0.38999983471758737
Creighton,Ohio St,0.5571285986299126
Creighton,Oklahoma,0.5966012244412535
Creighton,Penn,0.8887182596716457
Creighton,Providence,0.5780645704241869
Creighton,Purdue,0.3165469425770998
Creighton,Radford,0.9470998547501215
Creighton,Rhode Island,0.506418140371432
Creighton,S Dakota St,0.7958905168271286
Creighton,San Diego St,0.7700730295369866
Creighton,Seton Hall,0.4774062267332976
Creighton,SF Austin,0.8354487843824108
Creighton,St Bonaventure,0.5935379464848559
Creighton,Syracuse,0.5183874628405624
Creighton,TCU,0.49189826545280635
Creighton,Tennessee,0.49450109466303016
Creighton,Texas,0.5902020001069546
Creighton,Texas A&M,0.5935233547402881
Creighton,Texas Tech,0.46613370273373456
Creighton,UCLA,0.4512235801668121
Creighton,UMBC,0.9319123469788896
Creighton,UNC Greensboro,0.8369636321665231
Creighton,Villanova,0.20930698472477405
Creighton,Virginia,0.25440525445473905
Creighton,Virginia Tech,0.45194456218928625
Creighton,West Virginia,0.2900965994073227
Creighton,Wichita St,0.3494385725057344
Creighton,Wright St,0.8890282032256098
Creighton,Xavier,0.28045992381628915
CS Fullerton,Davidson,0.13469712385601262
CS Fullerton,Duke,0.023296962949969302
CS Fullerton,Florida,0.07954190354172364
CS Fullerton,Florida St,0.03757569935721139
CS Fullerton,Georgia St,0.31863124987152247
CS Fullerton,Gonzaga,0.031877172782354246
CS Fullerton,Houston,0.07812898571418692
CS Fullerton,Iona,0.33922390513631717
CS Fullerton,Kansas,0.021000539468852608
CS Fullerton,Kansas St,0.046568358356910866
CS Fullerton,Kentucky,0.046541657328773356
CS Fullerton,Lipscomb,0.451217421842557
CS Fullerton,Loyola-Chicago,0.16185198988959637
CS Fullerton,Marshall,0.24803885840309747
CS Fullerton,Miami FL,0.06080172409843465
CS Fullerton,Michigan,0.03954737870648262
CS Fullerton,Michigan St,0.027142703213987707
CS Fullerton,Missouri,0.13002980429303024
CS Fullerton,Montana,0.32894046782497033
CS Fullerton,Mt St Mary's,0.562737162624
CS Fullerton,Murray St,0.24814830711344682
CS Fullerton,NC Central,0.7089654685672957
CS Fullerton,NC State,0.09267998050112114
CS Fullerton,Nevada,0.059072768313873425
CS Fullerton,New Mexico St,0.16505772616339576
CS Fullerton,North Carolina,0.04282194042839216
CS Fullerton,Ohio St,0.08090534152956319
CS Fullerton,Oklahoma,0.09378237105835263
CS Fullerton,Penn,0.35849302731976895
CS Fullerton,Providence,0.08748057219600192
CS Fullerton,Purdue,0.03139183448924587
CS Fullerton,Radford,0.5561058505211383
CS Fullerton,Rhode Island,0.06698503827220215
CS Fullerton,S Dakota St,0.2143635377701757
CS Fullerton,San Diego St,0.1898627387323365
CS Fullerton,Seton Hall,0.06008311459267124
CS Fullerton,SF Austin,0.26213935261254895
CS Fullerton,St Bonaventure,0.09270751383039677
CS Fullerton,Syracuse,0.07004209592790278
CS Fullerton,TCU,0.06344495022883001
CS Fullerton,Tennessee,0.06406652331847928
CS Fullerton,Texas,0.09155242458127733
CS Fullerton,Texas A&M,0.09270242652493454
CS Fullerton,Texas Tech,0.057578746893490185
CS Fullerton,UCLA,0.05440521736968196
CS Fullerton,UMBC,0.48920591442647166
CS Fullerton,UNC Greensboro,0.26428425211163353
CS Fullerton,Villanova,0.01818628739342465
CS Fullerton,Virginia,0.023319272305467598
CS Fullerton,Virginia Tech,0.054555180636935985
CS Fullerton,West Virginia,0.027799585517840786
CS Fullerton,Wichita St,0.03622411031365447
CS Fullerton,Wright St,0.35921496375705964
CS Fullerton,Xavier,0.02655024312954002
Davidson,Duke,0.13249851172474536
Davidson,Florida,0.35622799455118204
Davidson,Florida St,0.20000165209408705
Davidson,Georgia St,0.7496496572350682
Davidson,Gonzaga,0.17412716131114103
Davidson,Houston,0.35177858703601783
Davidson,Iona,0.7667516451452564
Davidson,Kansas,0.1207688829531417
Davidson,Kansas St,0.23824369905578902
Davidson,Kentucky,0.23813454621634011
Davidson,Lipscomb,0.8403803530757258
Davidson,Loyola-Chicago,0.5528768934517501
Davidson,Marshall,0.6786805187921913
Davidson,Miami FL,0.29305457069683005
Davidson,Michigan,0.20864846971425166
Davidson,Michigan St,0.1515731754705516
Davidson,Missouri,0.4890314014631548
Davidson,Montana,0.7583826435510296
Davidson,Mt St Mary's,0.891783739908067
Davidson,Murray St,0.6788084534560824
Davidson,NC Central,0.9397538170366101
Davidson,NC State,0.3954335335121998
Davidson,Nevada,0.28673758646200465
Davidson,New Mexico St,0.5586651787933576
Davidson,North Carolina,0.22267850058073113
Davidson,Ohio St,0.3604767676616748
Davidson,Oklahoma,0.3985551986571706
Davidson,Penn,0.781580903219095
Davidson,Providence,0.3803698242336593
Davidson,Purdue,0.17186049987396546
Davidson,Radford,0.8891596922196792
Davidson,Rhode Island,0.31493701408504116
Davidson,S Dakota St,0.6359880345221098
Davidson,San Diego St,0.600107134729504
Davidson,Seton Hall,0.2904398498586972
Davidson,SF Austin,0.6946469518662737
Davidson,St Bonaventure,0.39551180197463554
Davidson,Syracuse,0.32536392814188153
Davidson,TCU,0.3025420672771325
Davidson,Tennessee,0.3047438818952132
Davidson,Texas,0.3922148679526076
Davidson,Texas A&M,0.39549734155841565
Davidson,Texas Tech,0.2812064647290854
Davidson,UCLA,0.2692285241429462
Davidson,UMBC,0.859800114515653
Davidson,UNC Greensboro,0.6969878838847968
Davidson,Villanova,0.10603286807449175
Davidson,Virginia,0.13261119511620134
Davidson,Virginia Tech,0.2698016764694301
Davidson,West Virginia,0.1547623614021817
Davidson,Wichita St,0.19398523253341193
Davidson,Wright St,0.7821160895196857
Davidson,Xavier,0.14867978028295425
Duke,Florida,0.7801760222830441
Duke,Florida St,0.6159000947971686
Duke,Georgia St,0.9505091873990711
Duke,Gonzaga,0.5748852063820687
Duke,Houston,0.7768209899457201
Duke,Iona,0.9547188157409775
Duke,Kansas,0.4683665529470541
Duke,Kansas St,0.6673299669167316
Duke,Kentucky,0.6671964107449571
Duke,Lipscomb,0.9712382919407402
Duke,Loyola-Chicago,0.8880293003663419
Duke,Marshall,0.9312583023080522
Duke,Miami FL,0.7266856667037531
Duke,Michigan,0.6284036907720683
Duke,Michigan St,0.53398521454541
Duke,Missouri,0.8599150618536796
Duke,Montana,0.9526778743575132
Duke,Mt St Mary's,0.9814317280872898
Duke,Murray St,0.9312958524735706
Duke,NC Central,0.9901036618407021
Duke,NC State,0.8075140379897263
Duke,Nevada,0.7205485422770956
Duke,New Mexico St,0.8903394026041592
Duke,North Carolina,0.6475622936848617
Duke,Ohio St,0.7833286540531708
Duke,Oklahoma,0.8095328101159425
Duke,Penn,0.9582483936373488
Duke,Providence,0.7974588736734747
Duke,Purdue,0.5710086482023411
Duke,Radford,0.9809350086470199
Duke,Rhode Island,0.7467452113897666
Duke,S Dakota St,0.9180738140146822
Duke,San Diego St,0.9058835257816229
Duke,Seton Hall,0.7241651865389622
Duke,SF Austin,0.935860210497585
Duke,St Bonaventure,0.8075649194781883
Duke,Syracuse,0.7556980729444258
Duke,TCU,0.7356040574242634
Duke,Tennessee,0.737624366328187
Duke,Texas,0.8054096605260738
Duke,Texas A&M,0.8075555199504285
Duke,Texas Tech,0.7150382550873057
Duke,UCLA,0.7026451667237618
Duke,UMBC,0.9752072053258457
Duke,UNC Greensboro,0.9365209135664012
Duke,Villanova,0.4320593959585032
Duke,Virginia,0.4951002295372432
Duke,Virginia Tech,0.7032530643726479
Duke,West Virginia,0.540098472845197
Duke,Wichita St,0.6068632793254574
Duke,Wright St,0.9583737514082021
Duke,Xavier,0.5283377592854726
Florida,Florida St,0.31487655330021014
Florida,Georgia St,0.8462660570017052
Florida,Gonzaga,0.2793296284901854
Florida,Houston,0.499408826782456
Florida,Iona,0.8580180048560526
Florida,Kansas,0.20160333535819186
Florida,Kansas St,0.36506043011670253
Florida,Kentucky,0.3649210092301236
Florida,Lipscomb,0.9063555478646332
Florida,Loyola-Chicago,0.6944840194799781
Florida,Marshall,0.7952033398145044
Florida,Miami FL,0.4324826848203088
Florida,Michigan,0.32646312542652145
Florida,Michigan St,0.2472283251660341
Florida,Missouri,0.6376050094026202
Florida,Montana,0.852292829600984
Florida,Mt St Mary's,0.9380780069885706
Florida,Murray St,0.7952988736404097
Florida,NC Central,0.9663022106101575
Florida,NC State,0.545954138290018
Florida,Nevada,0.4249669142744491
Florida,New Mexico St,0.6994357037411472
Florida,North Carolina,0.34496191980843893
Florida,Ohio St,0.5088916194462717
Florida,Oklahoma,0.5491846542994394
Florida,Penn,0.8680434025563757
Florida,Providence,0.5301849643319225
Florida,Purdue,0.27615142747427635
Florida,Radford,0.936496574869341
Florida,Rhode Island,0.45803087170959145
Florida,S Dakota St,0.7625767376046222
Florida,San Diego St,0.7339540116511024
Florida,Seton Hall,0.42937952827798165
Florida,SF Austin,0.8070260525754769
Florida,St Bonaventure,0.546035291132298
Florida,Syracuse,0.4699454277845815
Florida,TCU,0.4436513400715979
Florida,Tennessee,0.446223078602052
Florida,Texas,0.5426099155684887
Florida,Texas A&M,0.5460202984175198
Florida,Texas Tech,0.4183332453820797
Florida,UCLA,0.4037956428039853
Florida,UMBC,0.9185267622932222
Florida,UNC Greensboro,0.8087426574645723
Florida,Villanova,0.17901221021263458
Florida,Virginia,0.2193942029740521
Florida,Virginia Tech,0.4044967008173236
Florida,West Virginia,0.25183275205655276
Florida,Wichita St,0.30672942372009737
Florida,Wright St,0.8684024032488128
Florida,Xavier,0.24303200902736288
Florida St,Georgia St,0.9237975121279105
Florida St,Gonzaga,0.46050722657518706
Florida St,Houston,0.6872134141049855
Florida St,Iona,0.9301121457014564
Florida St,Kansas,0.3573659729720644
Florida St,Kansas St,0.5587329870894503
Florida St,Kentucky,0.5585846714133476
Florida St,Lipscomb,0.9551872603788113
Florida St,Loyola-Chicago,0.8335023776689069
Florida St,Marshall,0.8953008427761867
Florida St,Miami FL,0.6266237112707641
Florida St,Michigan,0.5163098911968165
Florida St,Michigan St,0.4197106781679306
Florida St,Missouri,0.7948598969235856
Florida St,Montana,0.9270468662538365
Florida St,Mt St Mary's,0.9708988939073553
Florida St,Murray St,0.8953558275931607
Florida St,NC Central,0.9844118424630058
Florida St,NC State,0.7258812897572186
Florida St,Nevada,0.6194164749311178
Florida St,New Mexico St,0.836730610935814
Florida St,North Carolina,0.5369895778989338
Florida St,Ohio St,0.6953091028684885
Florida St,Oklahoma,0.7284683297216168
Florida St,Penn,0.9354300426256027
Florida St,Providence,0.7130769585834891
Florida St,Purdue,0.45657359370954687
Florida St,Radford,0.9701289866504524
Florida St,Rhode Island,0.6504950598352475
Florida St,S Dakota St,0.8761370849347083
Florida St,San Diego St,0.8586673970566073
Florida St,Seton Hall,0.6236583561272241
Florida St,SF Austin,0.902056751300866
Florida St,St Bonaventure,0.7259464265771809
Florida St,Syracuse,0.6613072200165562
Florida St,TCU,0.6371769747100897
Florida St,Tennessee,0.6395808838695047
Florida St,Texas,0.7231903804164785
Florida St,Texas A&M,0.7259343933465363
Florida St,Texas Tech,0.612983126379141
Florida St,UCLA,0.5986429435119661
Florida St,UMBC,0.9612828078322269
Florida St,UNC Greensboro,0.9030295831867017
Florida St,Villanova,0.32441273432314166
Florida St,Virginia,0.3823202065295399
Florida St,Virginia Tech,0.5993422210921222
Florida St,West Virginia,0.4257107898989183
Florida St,Wichita St,0.49350888936955584
Florida St,Wright St,0.9356193087271167
Florida St,Xavier,0.4141976067650962
Georgia St,Gonzaga,0.0647677357492682
Georgia St,Houston,0.1512843886348747
Georgia St,Iona,0.5191722942656485
Georgia St,Kansas,0.04316910892243364
Georgia St,Kansas St,0.09315853202127133
Georgia St,Kentucky,0.0931077261771589
Georgia St,Lipscomb,0.6336084127038075
Georgia St,Loyola-Chicago,0.2888386791882973
Georgia St,Marshall,0.4096003473088946
Georgia St,Miami FL,0.11984202375190212
Georgia St,Michigan,0.07970046525175367
Georgia St,Michigan St,0.055427965557835024
Georgia St,Missouri,0.2391739207028165
Georgia St,Montana,0.5076245078733519
Georgia St,Mt St Mary's,0.7302240607379884
Georgia St,Murray St,0.40974224024134565
Georgia St,NC Central,0.8366958705749276
Georgia St,NC State,0.1768463987584662
Georgia St,Nevada,0.1166427051659712
Georgia St,New Mexico St,0.2936782984692763
Georgia St,North Carolina,0.08600203616373303
Georgia St,Ohio St,0.1562198314494646
Georgia St,Oklahoma,0.178752681120393
Georgia St,Penn,0.5403050131431518
Georgia St,Providence,0.16779843991719046
Georgia St,Purdue,0.06381463854255787
Georgia St,Radford,0.7248910142998369
Georgia St,Rhode Island,0.1311908341237944
Georgia St,S Dakota St,0.3646265270968275
Georgia St,San Diego St,0.33016898976036224
Georgia St,Seton Hall,0.11851367434690119
Georgia St,SF Austin,0.4276618255515551
Georgia St,St Bonaventure,0.17689406132627405
Georgia St,Syracuse,0.1367486389911352
Georgia St,TCU,0.12471108990497104
Georgia St,Tennessee,0.12585223295244252
Georgia St,Texas,0.17489224300361705
Georgia St,Texas A&M,0.17688525495957008
Georgia St,Texas Tech,0.11386887412499014
Georgia St,UCLA,0.10794821085394501
Georgia St,UMBC,0.6682539309007223
Georgia St,UNC Greensboro,0.43037112590626414
Georgia St,Villanova,0.03749786619103834
Georgia St,Virginia,0.047815990565878375
Georgia St,Virginia Tech,0.1082288685885947
Georgia St,West Virginia,0.05672946465011541
Georgia St,Wichita St,0.0732604004978531
Georgia St,Wright St,0.5410842649774696
Georgia St,Xavier,0.05425253607177394
Gonzaga,Houston,0.7286181616357827
Gonzaga,Iona,0.9420737278794675
Gonzaga,Kansas,0.4046045132656718
Gonzaga,Kansas St,0.6074296838546069
Gonzaga,Kentucky,0.6072862315690817
Gonzaga,Lipscomb,0.9630277343732105
Gonzaga,Loyola-Chicago,0.8595013775370876
Gonzaga,Marshall,0.9126610429129733
Gonzaga,Miami FL,0.6722234576046757
Gonzaga,Michigan,0.5660521721907595
Gonzaga,Michigan St,0.469173651876987
Gonzaga,Missouri,0.8256306706027811
Gonzaga,Montana,0.9394989571774747
Gonzaga,Mt St Mary's,0.9760593459844493
Gonzaga,Murray St,0.9127077995962806
Gonzaga,NC Central,0.9872076374483907
Gonzaga,NC State,0.7639257897229498
Gonzaga,Nevada,0.6654264585170895
Gonzaga,New Mexico St,0.8623087891628363
Gonzaga,North Carolina,0.586309170774243
Gonzaga,Ohio St,0.7360537973777269
Gonzaga,Oklahoma,0.7662693914321279
Gonzaga,Penn,0.9465337661572725
Gonzaga,Providence,0.7522921162207674
Gonzaga,Purdue,0.5065883254525069
Gonzaga,Radford,0.9754225090847233
Gonzaga,Rhode Island,0.6946003133211445
Gonzaga,S Dakota St,0.896306812058048
Gonzaga,San Diego St,0.8812964515235719
Gonzaga,Seton Hall,0.6694292043973217
Gonzaga,SF Austin,0.9183988513805399
Gonzaga,St Bonaventure,0.7639848256760104
Gonzaga,Syracuse,0.7046675139957275
Gonzaga,TCU,0.6821416472144197
Gonzaga,Tennessee,0.6843952030477813
Gonzaga,Texas,0.7614856314053765
Gonzaga,Texas A&M,0.7639739196166253
Gonzaga,Texas Tech,0.6593431246417166
Gonzaga,UCLA,0.6457279362214859
Gonzaga,UMBC,0.9680924251251815
Gonzaga,UNC Greensboro,0.9192238987662928
Gonzaga,Villanova,0.3698019502763512
Gonzaga,Virginia,0.43064685823126725
Gonzaga,Virginia Tech,0.6463936350720516
Gonzaga,West Virginia,0.47530169675238676
Gonzaga,Wichita St,0.5435229026585227
Gonzaga,Wright St,0.9466923400244845
Gonzaga,Xavier,0.46352985164908833
Houston,Iona,0.8583820197438823
Houston,Kansas,0.2020852371731121
Houston,Kansas St,0.36575405842111064
Houston,Kentucky,0.36561452516870985
Houston,Lipscomb,0.9066091234273264
Houston,Loyola-Chicago,0.6951183241785512
Houston,Marshall,0.7956900518186991
Houston,Miami FL,0.4332170124668705
Houston,Michigan,0.3271212003288865
Houston,Michigan St,0.24778543947264375
Houston,Missouri,0.6382959003470354
Houston,Montana,0.8526690023346333
Houston,Mt St Mary's,0.9382515349517399
Houston,Murray St,0.7957854169087476
Houston,NC Central,0.9663994771255696
Houston,NC State,0.5466955347499954
Houston,Nevada,0.42569805294852114
Houston,New Mexico St,0.7000641678763957
Houston,North Carolina,0.3456381483195614
Houston,Ohio St,0.5096391783382463
Houston,Oklahoma,0.549925124375072
Houston,Penn,0.8683856569324426
Houston,Providence,0.5309299868958117
Houston,Purdue,0.2767497567177658
Houston,Radford,0.9366742354119301
Houston,Rhode Island,0.458773511377367
Houston,S Dakota St,0.7631178907202535
Houston,San Diego St,0.7345376933293879
Houston,Seton Hall,0.4301125802278738
Houston,SF Austin,0.8074914691904771
Houston,St Bonaventure,0.5467766650850285
Houston,Syracuse,0.4706906081055333
Houston,TCU,0.44438978203849466
Houston,Tennessee,0.44696236219130137
Houston,Texas,0.5433522052766174
Houston,Texas A&M,0.5467616765313544
Houston,Texas Tech,0.4190612884074437
Houston,UCLA,0.4045159804101539
Houston,UMBC,0.9187503344647348
Houston,UNC Greensboro,0.809204912751919
Houston,Villanova,0.17945224890245792
Houston,Virginia,0.21990691785602334
Houston,Virginia Tech,0.4052174390474279
Houston,West Virginia,0.2523967632630696
Houston,Wichita St,0.3073658728154063
Houston,Wright St,0.8687438672850658
Houston,Xavier,0.24358272701691475
Iona,Kansas,0.03965154500491208
Iona,Kansas St,0.08593348785583887
Iona,Kentucky,0.08588624914748366
Iona,Lipscomb,0.6127920284473252
Iona,Loyola-Chicago,0.2709721774966197
Iona,Marshall,0.38834303702989503
Iona,Miami FL,0.11080035722762549
Iona,Michigan,0.07343465874782373
Iona,Michigan St,0.05096471394989799
Iona,Missouri,0.22341439175794386
Iona,Montana,0.48546300232358197
Iona,Mt St Mary's,0.7124053178384301
Iona,Murray St,0.3884824114964739
Iona,NC Central,0.8242167127032717
Iona,NC State,0.16430681406903946
Iona,Nevada,0.1078128492081949
Iona,New Mexico St,0.27562846060009105
Iona,North Carolina,0.0792834988771961
Iona,Ohio St,0.14488537837293147
Iona,Oklahoma,0.16610520408416118
Iona,Penn,0.5182183918039478
Iona,Providence,0.15577900251646293
Iona,Purdue,0.058718043601222236
Iona,Radford,0.7068614282661212
Iona,Rhode Island,0.12141104924218138
Iona,S Dakota St,0.3443419609665961
Iona,San Diego St,0.31086346425815603
Iona,Seton Hall,0.1095597521504511
Iona,SF Austin,0.40611193058307693
Iona,St Bonaventure,0.1643517718173858
Iona,Syracuse,0.12661492010296338
Iona,TCU,0.11535021323634376
Iona,Tennessee,0.11641709395999777
Iona,Texas,0.16246387316425526
Iona,Texas A&M,0.16434346517841325
Iona,Texas Tech,0.10522398490904206
Iona,UCLA,0.09970224202496825
Iona,UMBC,0.648313366034799
Iona,UNC Greensboro,0.4087822173870117
Iona,Villanova,0.03442578786106687
Iona,Virginia,0.043937170242768886
Iona,Virginia Tech,0.0999638632825437
Iona,West Virginia,0.05216719983407847
Iona,Wichita St,0.06746377730446296
Iona,Wright St,0.5190017532670981
Iona,Xavier,0.0498789360579841
Kansas,Kansas St,0.6858009455487236
Kansas,Kentucky,0.6856713119933315
Kansas,Lipscomb,0.9735051852872314
Kansas,Loyola-Chicago,0.8961532046706131
Kansas,Marshall,0.9364701575020955
Kansas,Miami FL,0.7431295770230937
Kansas,Michigan,0.647895608658658
Kansas,Michigan St,0.5549219890303827
Kansas,Missouri,0.869779647063176
Kansas,Montana,0.9563418751742776
Kansas,Mt St Mary's,0.9829093492354867
Kansas,Murray St,0.9365050548029643
Kansas,NC Central,0.9908975904353766
Kansas,NC State,0.8202975032801185
Kansas,Nevada,0.7372281736402015
Kansas,New Mexico St,0.8983148921819036
Kansas,North Carolina,0.6665824637287767
Kansas,Ohio St,0.797315173555734
Kansas,Oklahoma,0.8222117219937495
Kansas,Penn,0.9614985178070968
Kansas,Providence,0.8107536264449284
Kansas,Purdue,0.5915543673488174
Kansas,Radford,0.9824514508271744
Kansas,Rhode Island,0.762376886933122
Kansas,S Dakota St,0.9242039300179077
Kansas,San Diego St,0.9128391813291963
Kansas,Seton Hall,0.7407066319583583
Kansas,SF Austin,0.9407453588809811
Kansas,St Bonaventure,0.8203457573943539
Kansas,Syracuse,0.7709466515968149
Kansas,TCU,0.7516947390495807
Kansas,Tennessee,0.7536332743932471
Kansas,Texas,0.8183014360253178
Kansas,Texas A&M,0.8203368432616784
Kansas,Texas Tech,0.7319244167090071
Kansas,UCLA,0.7199781150585622
Kansas,UMBC,0.9771686368369378
Kansas,UNC Greensboro,0.9413588932775516
Kansas,Villanova,0.4528835621852946
Kansas,Virginia,0.5162011948559324
Kansas,Virginia Tech,0.7205646700942003
Kansas,West Virginia,0.5609863992599639
Kansas,Wichita St,0.6268140880358508
Kansas,Wright St,0.9616145080924623
Kansas,Xavier,0.5493141137117092
Kansas St,Kentucky,0.5059634261049685
Kansas St,Lipscomb,0.9452074288914504
Kansas St,Loyola-Chicago,0.8020395042958466
Kansas St,Marshall,0.8737470600869813
Kansas St,Miami FL,0.5759560706682392
Kansas St,Michigan,0.46348949130969164
Kansas St,Michigan St,0.36922887873873955
Kansas St,Missouri,0.7582130663497468
Kansas St,Montana,0.9113815640375529
Kansas St,Mt St Mary's,0.9642872340913967
Kansas St,Murray St,0.8738117688835163
Kansas St,NC Central,0.9808095905837749
Kansas St,NC State,0.6818442184289504
Kansas St,Nevada,0.5684443730233619
Kansas St,New Mexico St,0.8057355922400469
Kansas St,North Carolina,0.4841712826137643
Kansas St,Ohio St,0.6487373115468432
Kansas St,Oklahoma,0.6846663195191647
Kansas St,Penn,0.9214122678936099
Kansas St,Providence,0.6679239173082057
Kansas St,Purdue,0.40475056530162135
Kansas St,Radford,0.9633490100046496
Kansas St,Rhode Island,0.6010041564975753
Kansas St,S Dakota St,0.8512934479823681
Kansas St,San Diego St,0.8309957045565197
Kansas St,Seton Hall,0.5728626102658871
Kansas St,SF Austin,0.8817100100116073
Kansas St,St Bonaventure,0.68191523398844
Kansas St,Syracuse,0.6124351604669397
Kansas St,TCU,0.5869975460161159
Kansas St,Tennessee,0.5895197413754689
Kansas St,Texas,0.6789122370876854
Kansas St,Texas A&M,0.6819021145783959
Kansas St,Texas Tech,0.561759003718265
Kansas St,UCLA,0.5469236925147135
Kansas St,UMBC,0.9525930861737493
Kansas St,UNC Greensboro,0.8828586938392751
Kansas St,Villanova,0.27986508766234464
Kansas St,Virginia,0.33374909155438215
Kansas St,Virginia Tech,0.5476449898033466
Kansas St,West Virginia,0.3749736488140256
Kansas St,Wichita St,0.4408948722320216
Kansas St,Wright St,0.9216391806159515
Kansas St,Xavier,0.3639630043406301
Kentucky,Lipscomb,0.9430849093210407
Kentucky,Loyola-Chicago,0.7955705148956447
Kentucky,Marshall,0.8692393073609122
Kentucky,Miami FL,0.5660959969526929
Kentucky,Michigan,0.4534956919405827
Kentucky,Michigan St,0.3599041148994562
Kentucky,Missouri,0.7507569714153576
Kentucky,Montana,0.9080761521926225
Kentucky,Mt St Mary's,0.962874785892616
Kentucky,Murray St,0.8693059809468001
Kentucky,NC Central,0.9800370772672631
Kentucky,NC State,0.6730486181492998
Kentucky,Nevada,0.5585435106905716
Kentucky,New Mexico St,0.7993571688977605
Kentucky,North Carolina,0.47412562951591886
Kentucky,Ohio St,0.639510347578092
Kentucky,Oklahoma,0.6759116547151633
Kentucky,Penn,0.9184475161863951
Kentucky,Providence,0.658935979742618
Kentucky,Purdue,0.39509061411207236
Kentucky,Radford,0.9619009209252941
Kentucky,Rhode Island,0.5913132322909811
Kentucky,S Dakota St,0.8461251926931344
Kentucky,San Diego St,0.8252668031739778
Kentucky,Seton Hall,0.562985184302982
Kentucky,SF Austin,0.8774466897057015
Kentucky,St Bonaventure,0.6731206557758562
Kentucky,Syracuse,0.602838403228899
Kentucky,TCU,0.5772057466498155
Kentucky,Tennessee,0.5797449282998768
Kentucky,Texas,0.6700748013581248
Kentucky,Texas A&M,0.6731073475179662
Kentucky,Texas Tech,0.5518256901520366
Kentucky,UCLA,0.5369313041476945
Kentucky,UMBC,0.9507417577002438
Kentucky,UNC Greensboro,0.8786310747618988
Kentucky,Villanova,0.27182460968014066
Kentucky,Virginia,0.3248588861976186
Kentucky,Virginia Tech,0.5376550615025507
Kentucky,West Virginia,0.36558789069785036
Kentucky,Wichita St,0.43099688622042165
Kentucky,Wright St,0.9186822337948448
Kentucky,Xavier,0.35469644645964193
Lipscomb,Loyola-Chicago,0.19746723786044773
Lipscomb,Marshall,0.2959233441289353
Lipscomb,Miami FL,0.07620268256143659
Lipscomb,Michigan,0.04985040595213319
Lipscomb,Michigan St,0.034329530486687854
Lipscomb,Missouri,0.15997920287757728
Lipscomb,Montana,0.3844580002978787
Lipscomb,Mt St Mary's,0.62118727077428
Lipscomb,Murray St,0.29604560359492504
Lipscomb,NC Central,0.7563326534919079
Lipscomb,NC State,0.11516551080136384
Lipscomb,Nevada,0.07407032407783842
Lipscomb,New Mexico St,0.20120904575893372
Lipscomb,North Carolina,0.05393016615430868
Lipscomb,Ohio St,0.10085170277106525
Lipscomb,Oklahoma,0.11650101585902983
Lipscomb,Penn,0.41590703306540144
Lipscomb,Providence,0.10885599257118184
Lipscomb,Purdue,0.039657880744444096
Lipscomb,Radford,0.6148356719926293
Lipscomb,Rhode Island,0.08381245126009873
Lipscomb,S Dakota St,0.2579772728854781
Lipscomb,San Diego St,0.2299506526130155
Lipscomb,Seton Hall,0.0753166474940028
Lipscomb,SF Austin,0.31161790094371655
Lipscomb,St Bonaventure,0.11519887598999357
Lipscomb,Syracuse,0.08756540159490245
Lipscomb,TCU,0.07945878913217708
Lipscomb,Tennessee,0.08022381173382631
Lipscomb,Texas,0.11379870408414572
Lipscomb,Texas A&M,0.11519271117476515
Lipscomb,Texas Tech,0.07222611218237274
Lipscomb,UCLA,0.0683037848337047
Lipscomb,UMBC,0.5496184971869562
Lipscomb,UNC Greensboro,0.3139953658793807
Lipscomb,Villanova,0.02305784740628969
Lipscomb,Virginia,0.02952445749458177
Lipscomb,Virginia Tech,0.06848928349618977
Lipscomb,West Virginia,0.03515405676464056
Lipscomb,Wichita St,0.045702545647662296
Lipscomb,Wright St,0.41666949267396336
Lipscomb,Xavier,0.03358561481691236
Loyola-Chicago,Marshall,0.6325830376017321
Loyola-Chicago,Miami FL,0.2525619078997293
Loyola-Chicago,Michigan,0.17690018105779404
Loyola-Chicago,Michigan St,0.1271145403223155
Loyola-Chicago,Missouri,0.4382464318815483
Loyola-Chicago,Montana,0.7189849735104878
Loyola-Chicago,Mt St Mary's,0.8704215989520636
Loyola-Chicago,Murray St,0.6327193936109041
Loyola-Chicago,NC Central,0.9270868524935874
Loyola-Chicago,NC State,0.3477533446970362
Loyola-Chicago,Nevada,0.2468130364303064
Loyola-Chicago,New Mexico St,0.5078358742470239
Loyola-Chicago,North Carolina,0.1893060714798731
Loyola-Chicago,Ohio St,0.3148166877143934
Loyola-Chicago,Oklahoma,0.35071696400952435
Loyola-Chicago,Penn,0.7446924735564779
Loyola-Chicago,Providence,0.33350400532965574
Loyola-Chicago,Purdue,0.14468647164712545
Loyola-Chicago,Radford,0.8673566041523078
Loyola-Chicago,Rhode Island,0.27258660497012255
Loyola-Chicago,S Dakota St,0.5874884942958563
Loyola-Chicago,San Diego St,0.5502079854728092
Loyola-Chicago,Seton Hall,0.2501806188045729
Loyola-Chicago,SF Austin,0.6496576346102728
Loyola-Chicago,St Bonaventure,0.347827605426024
Loyola-Chicago,Syracuse,0.2821889472280694
Loyola-Chicago,TCU,0.26122287530242494
Loyola-Chicago,Tennessee,0.2632374756014476
Loyola-Chicago,Texas,0.3447014975591509
Loyola-Chicago,Texas A&M,0.3478138852802265
Loyola-Chicago,Texas Tech,0.24179098136973154
Loyola-Chicago,UCLA,0.23095249762170234
Loyola-Chicago,UMBC,0.8333045008434176
Loyola-Chicago,UNC Greensboro,0.6521707666050598
Loyola-Chicago,Villanova,0.08815926501766269
Loyola-Chicago,Virginia,0.11081272377958673
Loyola-Chicago,Virginia Tech,0.23146997534633718
Loyola-Chicago,West Virginia,0.1298678755813546
Loyola-Chicago,Wichita St,0.16400571863647173
Loyola-Chicago,Wright St,0.7452885902056086
Loyola-Chicago,Xavier,0.12461945973971733
Marshall,Miami FL,0.1695502119329746
Marshall,Michigan,0.11493288584321093
Marshall,Michigan St,0.08087338997384108
Marshall,Missouri,0.32036277313770034
Marshall,Montana,0.6072122593554814
Marshall,Mt St Mary's,0.8023216407163909
Marshall,Murray St,0.5100180619806292
Marshall,NC Central,0.8848268181253209
Marshall,NC State,0.2436534738118662
Marshall,Nevada,0.16527305955977367
Marshall,New Mexico St,0.38403009096443697
Marshall,North Carolina,0.12364586538766853
Marshall,Ohio St,0.21729174137121376
Marshall,Oklahoma,0.24606462129183393
Marshall,Penn,0.6379965828865224
Marshall,Providence,0.2321514558067792
Marshall,Purdue,0.0927321719205575
Marshall,Radford,0.7980196235944319
Marshall,Rhode Island,0.1846189117832311
Marshall,S Dakota St,0.4625128029350196
Marshall,San Diego St,0.4249923468476966
Marshall,Seton Hall,0.16777591529796398
Marshall,SF Austin,0.5283972527905056
Marshall,St Bonaventure,0.24371381088756627
Marshall,Syracuse,0.19194011169080416
Marshall,TCU,0.1760349470935021
Marshall,Tennessee,0.17755045539591374
Marshall,Texas,0.2411773910583529
Marshall,Texas A&M,0.243702662916235
Marshall,Texas Tech,0.16155427128863475
Marshall,UCLA,0.1535839171520733
Marshall,UMBC,0.7512718556449441
Marshall,UNC Greensboro,0.5311524763955038
Marshall,Villanova,0.055193049077887246
Marshall,Virginia,0.07002603205847269
Marshall,Virginia Tech,0.15396274629764883
Marshall,West Virginia,0.0827200468711381
Marshall,Wichita St,0.10597374755821565
Marshall,Wright St,0.6387209638050056
Marshall,Xavier,0.07920360050605213
Miami FL,Michigan,0.37683064254280696
Miami FL,Michigan St,0.2906464715664835
Miami FL,Missouri,0.6870121301296007
Miami FL,Montana,0.8780295781369227
Miami FL,Mt St Mary's,0.9497486984462582
Miami FL,Murray St,0.8289735847648337
Miami FL,NC Central,0.9728075702013885
Miami FL,NC State,0.6000179851895687
Miami FL,Nevada,0.47970790641402916
Miami FL,New Mexico St,0.7438003173849427
Miami FL,North Carolina,0.39650333612185185
Miami FL,Ohio St,0.5638429838951947
Miami FL,Oklahoma,0.6031434517975864
Miami FL,Penn,0.8913854862328452
Miami FL,Providence,0.5846981532542643
Miami FL,Purdue,0.3224730922047989
Miami FL,Radford,0.948448945804511
Miami FL,Rhode Island,0.5132296181016724
Miami FL,S Dakota St,0.8002826655049705
Miami FL,San Diego St,0.7748635820686931
Miami FL,Seton Hall,0.48421029543346783
Miami FL,SF Austin,0.839161718117012
Miami FL,St Bonaventure,0.6000965530445554
Miami FL,Syracuse,0.525188631426815
Miami FL,TCU,0.49871177294823155
Miami FL,Tennessee,0.5013150837135115
Miami FL,Texas,0.5967778665166902
Miami FL,Texas A&M,0.6000820381069305
Miami FL,Texas Tech,0.47292250130053803
Miami FL,UCLA,0.45798151234397566
Miami FL,UMBC,0.933621613165093
Miami FL,UNC Greensboro,0.840648904465302
Miami FL,Villanova,0.21385367167866398
Miami FL,Virginia,0.2596099412211801
Miami FL,Virginia Tech,0.45870426668417164
Miami FL,West Virginia,0.2957418401499511
Miami FL,Wichita St,0.3556600543827718
Miami FL,Wright St,0.891688906360628
Miami FL,Xavier,0.28599318424123255
Michigan,Michigan St,0.3962920925663387
Michigan,Missouri,0.7785945766322209
Michigan,Montana,0.920210398579695
Michigan,Mt St Mary's,0.9680301020821093
Michigan,Murray St,0.8859150492117148
Michigan,NC Central,0.9828516311415469
Michigan,NC State,0.7061685173616596
Michigan,Nevada,0.5963054380660755
Michigan,New Mexico St,0.8230460899560776
Michigan,North Carolina,0.5128100418317054
Michigan,Ohio St,0.6743840087937103
Michigan,Oklahoma,0.7088669827841756
Michigan,Penn,0.9293192700856953
Michigan,Providence,0.6928330350174867
Michigan,Purdue,0.432631634513714
Michigan,Radford,0.9671868623258593
Michigan,Rhode Island,0.6281382797134434
Michigan,S Dakota St,0.8652234293546814
Michigan,San Diego St,0.8464841828267258
Michigan,Seton Hall,0.6006388310498484
Michigan,SF Austin,0.8931483701327635
Michigan,St Bonaventure,0.7062364426907224
Michigan,Syracuse,0.6392585125873561
Michigan,TCU,0.6144731801526755
Michigan,Tennessee,0.6169370808885077
Michigan,Texas,0.7033631760978625
Michigan,Texas A&M,0.7062238942511172
Michigan,Texas Tech,0.5897401741287096
Michigan,UCLA,0.5751356896591446
Michigan,UMBC,0.9575075489616485
Michigan,UNC Greensboro,0.8941993074025077
Michigan,Villanova,0.30353016243337716
Michigan,Virginia,0.3596947098944546
Michigan,Virginia Tech,0.5758469050007612
Michigan,West Virginia,0.402189452600517
Michigan,Wichita St,0.46930274612333456
Michigan,Wright St,0.9295250984902217
Michigan,Xavier,0.39087942778234597
Michigan St,Missouri,0.8373286091072203
Michigan St,Montana,0.9440752391303924
Michigan St,Mt St Mary's,0.9779351582743849
Michigan St,Murray St,0.9191361358885942
Michigan St,NC Central,0.9882204939544335
Michigan St,NC State,0.7786535297283866
Michigan St,Nevada,0.6837553256066599
Michigan St,New Mexico St,0.8719277918548152
Michigan St,North Carolina,0.6064086395934167
Michigan St,Ohio St,0.7519557707317484
Michigan St,Oklahoma,0.7808928583672012
Michigan St,Penn,0.9506059128220745
Michigan St,Providence,0.7675247687353064
Michigan St,Purdue,0.5274392428081465
Michigan St,Radford,0.9773470611393219
Michigan St,Rhode Island,0.712022621248594
Michigan St,S Dakota St,0.9038156614885633
Michigan St,San Diego St,0.8897585717038226
Michigan St,Seton Hall,0.6876417230472283
Michigan St,SF Austin,0.9244427840188769
Michigan St,St Bonaventure,0.7787099495391394
Michigan St,Syracuse,0.7217455789110543
Michigan St,TCU,0.6999676893361457
Michigan St,Tennessee,0.7021500458154571
Michigan St,Texas,0.7763210294868642
Michigan St,Texas A&M,0.7786995268161014
Michigan St,Texas Tech,0.6778439099617544
Michigan St,UCLA,0.6645920029935224
Michigan St,UMBC,0.9705736469856914
Michigan St,UNC Greensboro,0.9252116990957209
Michigan St,Villanova,0.38946680819069124
Michigan St,Virginia,0.4512305625907509
Michigan St,Virginia Tech,0.6652406314659203
Michigan St,West Virginia,0.4961597863301488
Michigan St,Wichita St,0.5641558561855454
Michigan St,Wright St,0.9507530376088937
Michigan St,Xavier,0.4843482143395158
Missouri,Montana,0.7644655342117167
Missouri,Mt St Mary's,0.8949732689172872
Missouri,Murray St,0.6860653944525374
Missouri,NC Central,0.9416220461091667
Missouri,NC State,0.40346649154278225
Missouri,Nevada,0.2936349164961629
Missouri,New Mexico St,0.5669047047728553
Missouri,North Carolina,0.22852862714725164
Missouri,Ohio St,0.36823212789145665
Missouri,Oklahoma,0.4066089209413145
Missouri,Penn,0.7872436053846306
Missouri,Providence,0.3882933129276278
Missouri,Purdue,0.17667900603771847
Missouri,Radford,0.8924172313558435
Missouri,Rhode Island,0.3222062443757904
Missouri,S Dakota St,0.643704639532923
Missouri,San Diego St,0.6081156836273527
Missouri,Seton Hall,0.29738910476121216
Missouri,SF Austin,0.701703295915213
Missouri,St Bonaventure,0.40354528867752704
Missouri,Syracuse,0.33275692693190284
Missouri,TCU,0.30965452035190066
Missouri,Tennessee,0.3118849505775252
Missouri,Texas,0.4002257261618174
Missouri,Texas A&M,0.4035307306181646
Missouri,Texas Tech,0.288024473017073
Missouri,UCLA,0.27586757845644194
Missouri,UMBC,0.863788333206519
Missouri,UNC Greensboro,0.704013181983016
Missouri,Villanova,0.10924922233539325
Missouri,Virginia,0.13651065387091987
Missouri,Virginia Tech,0.2764495177166547
Missouri,West Virginia,0.15919363430594147
Missouri,Wichita St,0.19927478988610636
Missouri,Wright St,0.78776868419867
Missouri,Xavier,0.15296841123978033
Montana,Mt St Mary's,0.7308229630600782
Montana,Murray St,0.41047823112372794
Montana,NC Central,0.8371111313235574
Montana,NC State,0.1772897061796862
Montana,Nevada,0.11695654026387015
Montana,New Mexico St,0.29430976133392095
Montana,North Carolina,0.08624147909663005
Montana,Ohio St,0.15662127146250338
Montana,Oklahoma,0.17919972680492757
Montana,Penn,0.5410605510123419
Montana,Providence,0.16822370165504474
Montana,Purdue,0.06399663359189645
Montana,Radford,0.7254973053792173
Montana,Rhode Island,0.13153798332648559
Montana,S Dakota St,0.3653316372380856
Montana,San Diego St,0.3308421627774111
Montana,Seton Hall,0.11883186622948272
Montana,SF Austin,0.42840664242835536
Montana,St Bonaventure,0.17733746248518045
Montana,Syracuse,0.13710817402691733
Montana,TCU,0.1250435605886876
Montana,Tennessee,0.12618730725658966
Montana,Texas,0.17533169526220072
Montana,Texas A&M,0.17732863880009186
Montana,Texas Tech,0.11417621067793149
Montana,UCLA,0.10824151928506986
Montana,UMBC,0.6689280331574032
Montana,UNC Greensboro,0.4311171070510429
Montana,Villanova,0.037607822585162376
Montana,Virginia,0.04795469572741995
Montana,Virginia Tech,0.10852284682888869
Montana,West Virginia,0.05689248121690027
Montana,Wichita St,0.07346722020906116
Montana,Wright St,0.5418396081294052
Montana,Xavier,0.054408845543511
Mt St Mary's,Murray St,0.20358840947831036
Mt St Mary's,NC Central,0.6535910039458372
Mt St Mary's,NC State,0.07331516855404074
Mt St Mary's,Nevada,0.046371062773565064
Mt St Mary's,New Mexico St,0.1327832801607407
Mt St Mary's,North Carolina,0.03349008607427473
Mt St Mary's,Ohio St,0.06382768457873578
Mt St Mary's,Oklahoma,0.07420606087392745
Mt St Mary's,Penn,0.30207968249594475
Mt St Mary's,Providence,0.06911937900404685
Mt St Mary's,Purdue,0.02448713161642435
Mt St Mary's,Radford,0.49246788480093096
Mt St Mary's,Rhode Island,0.05267729790269915
Mt St Mary's,S Dakota St,0.17446261330725932
Mt St Mary's,San Diego St,0.15363051111770853
Mt St Mary's,Seton Hall,0.04717505830972191
Mt St Mary's,SF Austin,0.2157881599554775
Mt St Mary's,St Bonaventure,0.07333741399130012
Mt St Mary's,Syracuse,0.05511995607664688
Mt St Mary's,TCU,0.04985295609586171
Mt St Mary's,Tennessee,0.050348526455746834
Mt St Mary's,Texas,0.07240440676896187
Mt St Mary's,Texas A&M,0.07333330370306279
Mt St Mary's,Texas Tech,0.04518285692306501
Mt St Mary's,UCLA,0.04266161553942127
Mt St Mary's,UMBC,0.4258786558738248
Mt St Mary's,UNC Greensboro,0.21766568036750678
Mt St Mary's,Villanova,0.014143760337699818
Mt St Mary's,Virginia,0.01815686343568612
Mt St Mary's,Virginia Tech,0.04278067308192002
Mt St Mary's,West Virginia,0.021667330989331046
Mt St Mary's,Wichita St,0.028287578195525742
Mt St Mary's,Wright St,0.302741626331552
Mt St Mary's,Xavier,0.020687714167904936
Murray St,NC Central,0.8803233283117483
Murray St,NC State,0.23573395900014626
Murray St,Nevada,0.1593643687332773
Murray St,New Mexico St,0.3738028677544254
Murray St,North Carolina,0.11901320566047768
Murray St,Ohio St,0.20999117475386886
Murray St,Oklahoma,0.23809140669753337
Murray St,Penn,0.6279003581379374
Murray St,Providence,0.22449482837878632
Murray St,Purdue,0.08913994723876628
Murray St,Radford,0.7909238547313232
Murray St,Rhode Island,0.1781662101359227
Murray St,S Dakota St,0.45172827819806083
Murray St,San Diego St,0.41440815918620033
Murray St,Seton Hall,0.16179508853534585
Murray St,SF Austin,0.517555760094242
Murray St,St Bonaventure,0.23579294632115166
Murray St,Syracuse,0.18528967183596268
Murray St,TCU,0.1698197818506625
Murray St,Tennessee,0.171292906499388
Murray St,Texas,0.23331353063235727
Murray St,Texas A&M,0.2357820477095457
Murray St,Texas Tech,0.15575372357451822
Murray St,UCLA,0.1480190212605934
Murray St,UMBC,0.7430625595932768
Murray St,UNC Greensboro,0.5203168230360067
Murray St,Villanova,0.052970100161280564
Murray St,Virginia,0.06724819337060073
Murray St,Virginia Tech,0.14838653045401617
Murray St,West Virginia,0.07948169073747768
Murray St,Wichita St,0.1019262022102142
Murray St,Wright St,0.6286331821891906
Murray St,Xavier,0.07609148793456066
NC Central,NC State,0.04009028092851363
NC Central,Nevada,0.025026907375145346
NC Central,New Mexico St,0.07478354144760357
NC Central,North Carolina,0.017963237990363923
NC Central,Ohio St,0.03474113652918309
NC Central,Oklahoma,0.04059512593439374
NC Central,Penn,0.18599095795225806
NC Central,Providence,0.03771854087514148
NC Central,Purdue,0.013077801995579508
NC Central,Radford,0.3387230226345108
NC Central,Rhode Island,0.028517245064170527
NC Central,S Dakota St,0.10036429501457889
NC Central,San Diego St,0.08744288164374558
NC Central,Seton Hall,0.025470715809272626
NC Central,SF Austin,0.1268345792783
NC Central,St Bonaventure,0.040102881471728136
NC Central,Syracuse,0.02987492633472244
NC Central,TCU,0.02695141352149455
NC Central,Tennessee,0.02722585119546872
NC Central,Texas,0.039574630944979816
NC Central,Texas A&M,0.040100553249392656
NC Central,Texas Tech,0.024371643795962794
NC Central,UCLA,0.022983731945599217
NC Central,UMBC,0.2813963817458911
NC Central,UNC Greensboro,0.1280645271126406
NC Central,Villanova,0.0075166006648210715
NC Central,Virginia,0.009667775499082154
NC Central,Virginia Tech,0.023049195774074938
NC Central,West Virginia,0.011556271577409571
NC Central,Wichita St,0.01513497319473256
NC Central,Wright St,0.18646648274949562
NC Central,Xavier,0.011028639649167227
NC State,Nevada,0.3912153641097882
NC State,New Mexico St,0.6692560213143365
NC State,North Carolina,0.3140937532038862
NC State,Ohio St,0.4739685911006001
NC State,Oklahoma,0.5143927261277568
NC State,Penn,0.8511917117143788
NC State,Providence,0.4952743315790441
NC State,Purdue,0.24909908690507698
NC State,Radford,0.9276582461921026
NC State,Rhode Island,0.423587718979217
NC State,S Dakota St,0.7363471847328749
NC State,San Diego St,0.7057823479587555
NC State,Seton Hall,0.3955185720788197
NC State,SF Austin,0.7843182052867474
NC State,St Bonaventure,0.5112166310292064
NC State,Syracuse,0.43532597825473185
NC State,TCU,0.4094725396058676
NC State,Tennessee,0.4119928703395985
NC State,Texas,0.507765369459072
NC State,Texas A&M,0.5112015177761617
NC State,Texas Tech,0.38475603077814324
NC State,UCLA,0.37064175400877974
NC State,UMBC,0.9074346231362236
NC State,UNC Greensboro,0.7861832902092888
NC State,Villanova,0.15938055084491065
NC State,Virginia,0.1963933691125307
NC State,Virginia Tech,0.37132110057445233
NC State,West Virginia,0.2264175394394703
NC State,Wichita St,0.2778313432965358
NC State,Wright St,0.8515887205594393
NC State,Xavier,0.21824588760897856
Nevada,New Mexico St,0.7565017316616237
Nevada,North Carolina,0.4128304790573244
Nevada,Ohio St,0.5804334608380763
Nevada,Oklahoma,0.6192485019984317
Nevada,Penn,0.8977757576422913
Nevada,Providence,0.6010566284885311
Nevada,Purdue,0.3374564030097871
Nevada,Radford,0.9516639737138517
Nevada,Rhode Island,0.5301410003509384
Nevada,S Dakota St,0.8108958176276891
Nevada,San Diego St,0.786467105461889
Nevada,Seton Hall,0.5011499248957366
Nevada,SF Austin,0.8481009570621783
Nevada,St Bonaventure,0.6162465794525158
Nevada,Syracuse,0.5420552583276477
Nevada,TCU,0.5156515383080007
Nevada,Tennessee,0.5182518567048701
Nevada,Texas,0.6129754800684795
Nevada,Texas A&M,0.6162322758280439
Nevada,Texas Tech,0.4898422652031893
Nevada,UCLA,0.4748483071589814
Nevada,UMBC,0.9377006202965733
Nevada,UNC Greensboro,0.8495203090715792
Nevada,Villanova,0.22546962901427392
Nevada,Virginia,0.2728486604750827
Nevada,Virginia Tech,0.47557432450657977
Nevada,West Virginia,0.3100514993624841
Nevada,Wichita St,0.371340218815599
Nevada,Wright St,0.8980633676827504
Nevada,Xavier,0.3000321026712114
New Mexico St,North Carolina,0.18942218114743248
New Mexico St,Ohio St,0.31497986894467744
New Mexico St,Oklahoma,0.35088922411755596
New Mexico St,Penn,0.7448362557332363
New Mexico St,Providence,0.3336721558204079
New Mexico St,Purdue,0.14478010160895916
New Mexico St,Radford,0.8674436017995864
New Mexico St,Rhode Island,0.2727366098405023
New Mexico St,S Dakota St,0.5876717896839941
New Mexico St,San Diego St,0.5503951687221267
New Mexico St,Seton Hall,0.2503225367257763
New Mexico St,SF Austin,0.6498297710792036
New Mexico St,St Bonaventure,0.3479992070107468
New Mexico St,Syracuse,0.2823421852513154
New Mexico St,TCU,0.26136887364781447
New Mexico St,Tennessee,0.2633841984910602
New Mexico St,Texas,0.3448723724334557
New Mexico St,Texas A&M,0.3479854837078077
New Mexico St,Texas Tech,0.2419296757030136
New Mexico St,UCLA,0.2310868697091032
New Mexico St,UMBC,0.833409542840693
New Mexico St,UNC Greensboro,0.6523423290660828
New Mexico St,Villanova,0.08822008791496483
New Mexico St,Virginia,0.11088727514108054
New Mexico St,Virginia Tech,0.23160455783932155
New Mexico St,West Virginia,0.12995337307571864
New Mexico St,Wichita St,0.16410945177770686
New Mexico St,Wright St,0.7454321514281743
New Mexico St,Xavier,0.12470199716649577
North Carolina,Ohio St,0.66115317590851
North Carolina,Oklahoma,0.6964065344392754
North Carolina,Penn,0.9252998547043929
North Carolina,Providence,0.679996130283314
North Carolina,Purdue,0.41805433040157114
North Carolina,Radford,0.9652403256606461
North Carolina,Rhode Island,0.6141036005771948
North Carolina,S Dakota St,0.8581155581768982
North Carolina,San Diego St,0.8385724233574562
North Carolina,Seton Hall,0.5862499176123075
North Carolina,SF Austin,0.8873214175261694
North Carolina,St Bonaventure,0.6937120542119084
North Carolina,Syracuse,0.6253932327398924
North Carolina,TCU,0.6002509781526304
North Carolina,Tennessee,0.6027470105151497
North Carolina,Texas,0.6907699252620189
North Carolina,Texas A&M,0.6936992028101872
North Carolina,Texas Tech,0.5752362796796755
North Carolina,UCLA,0.5605002612213996
North Carolina,UMBC,0.9550135246936747
North Carolina,UNC Greensboro,0.8884225060602574
North Carolina,Villanova,0.2910712263190497
North Carolina,Virginia,0.3460759404390572
North Carolina,Virginia Tech,0.5612172848839398
North Carolina,West Virginia,0.38793653969826836
North Carolina,Wichita St,0.45447959289554196
North Carolina,Wright St,0.9255164498654024
North Carolina,Xavier,0.3767747105898265
Ohio St,Oklahoma,0.545623693448108
Ohio St,Penn,0.8663883225751999
Ohio St,Providence,0.5266032926855055
Ohio St,Purdue,0.27328762554929986
Ohio St,Radford,0.935636414254647
Ohio St,Rhode Island,0.45446512575291576
Ohio St,S Dakota St,0.7599646247745434
Ohio St,San Diego St,0.7311380199535813
Ohio St,Seton Hall,0.4258615667714776
Ohio St,SF Austin,0.804777774931383
Ohio St,St Bonaventure,0.542470178559319
Ohio St,Syracuse,0.4663667430141347
Ohio St,TCU,0.4401066338441575
Ohio St,Tennessee,0.44267417399973163
Ohio St,Texas,0.5390406117296986
Ohio St,Texas A&M,0.5424551667632753
Ohio St,Texas Tech,0.41483999153462137
Ohio St,UCLA,0.40034023213873615
Ohio St,UMBC,0.9174446554651426
Ohio St,UNC Greensboro,0.8065095843800701
Ohio St,Villanova,0.17690957791330386
Ohio St,Virginia,0.21694259017305928
Ohio St,Virginia Tech,0.4010393263448301
Ohio St,West Virginia,0.24913434427484704
Ohio St,Wichita St,0.30368155351926107
Ohio St,Wright St,0.8667511348704766
Ohio St,Xavier,0.24039760165516022
Oklahoma,Penn,0.8450334745246301
Oklahoma,Providence,0.4833275124963602
Oklahoma,Purdue,0.24026368824689226
Oklahoma,Radford,0.9243833576093227
Oklahoma,Rhode Island,0.41195872075830653
Oklahoma,S Dakota St,0.7269607907682452
Oklahoma,San Diego St,0.6957574043103962
Oklahoma,Seton Hall,0.3841466114692803
Oklahoma,SF Austin,0.7761203931518887
Oklahoma,St Bonaventure,0.4992656519210288
Oklahoma,Syracuse,0.4236115530958664
Oklahoma,TCU,0.3979635094578684
Oklahoma,Tennessee,0.4004610400901908
Oklahoma,Texas,0.4958132299536062
Oklahoma,Texas A&M,0.49925053110193773
Oklahoma,Texas Tech,0.3735023125174366
Oklahoma,UCLA,0.35955959970179097
Oklahoma,UMBC,0.9033396127592581
Oklahoma,UNC Greensboro,0.7780363058345569
Oklahoma,Villanova,0.15307867968951794
Oklahoma,Virginia,0.18895698457334487
Oklahoma,Virginia Tech,0.36023026022058424
Oklahoma,West Virginia,0.2181529170235843
Oklahoma,Wichita St,0.26834101847519776
Oklahoma,Wright St,0.8454439298239151
Oklahoma,Xavier,0.2101984956282813
Penn,Providence,0.14471425673248262
Penn,Purdue,0.05410555249186855
Penn,Radford,0.6885803599713305
Penn,Rhode Island,0.11246221731787953
Penn,S Dakota St,0.325040556333518
Penn,San Diego St,0.29260117119778273
Penn,Seton Hall,0.1013836435916099
Penn,SF Austin,0.38538326138716383
Penn,St Bonaventure,0.15278831679737626
Penn,Syracuse,0.11733375080418806
Penn,TCU,0.10679380659184912
Penn,Tennessee,0.10779119136789561
Penn,Texas,0.1510092434835767
Penn,Texas A&M,0.15278048774448338
Penn,Texas Tech,0.09733607173566139
Penn,UCLA,0.09218561024560434
Penn,UMBC,0.6283010380268825
Penn,UNC Greensboro,0.3880062987282039
Penn,Villanova,0.03165735346795151
Penn,Virginia,0.040435885998192256
Penn,Virginia Tech,0.09242953262505804
Penn,West Virginia,0.04804303389729825
Penn,Wichita St,0.06220968515107217
Penn,Wright St,0.49733630740081647
Penn,Xavier,0.0459269071021533
Providence,Purdue,0.25153169369122597
Providence,Radford,0.9285233703486028
Providence,Rhode Island,0.4267558951327507
Providence,S Dakota St,0.7388561165111494
Providence,San Diego St,0.7084669808444393
Providence,Seton Hall,0.39862199372846496
Providence,SF Austin,0.786502999002827
Providence,St Bonaventure,0.5144552555147079
Providence,Syracuse,0.4385151579067158
Providence,TCU,0.41261071465880794
Providence,Tennessee,0.41513678227997186
Providence,Texas,0.5110049879591965
Providence,Texas A&M,0.5144401472873953
Providence,Texas Tech,0.38782918545670875
Providence,UCLA,0.3736706438140249
Providence,UMBC,0.9085177480755928
Providence,UNC Greensboro,0.7883542893102036
Providence,Villanova,0.16112500249703077
Providence,Virginia,0.19844729735472866
Providence,Virginia Tech,0.37435223981236554
Providence,West Virginia,0.22869610722527467
Providence,Wichita St,0.2804397467590658
Providence,Wright St,0.8532196091841494
Providence,Xavier,0.22046565611863644
Purdue,Radford,0.9752745214700831
Purdue,Rhode Island,0.6932931001583672
Purdue,S Dakota St,0.8957333694915509
Purdue,San Diego St,0.88065105219805
Purdue,Seton Hall,0.6680657374037846
Purdue,SF Austin,0.9179363960295625
Purdue,St Bonaventure,0.7628732136425987
Purdue,Syracuse,0.7033849906920535
Purdue,TCU,0.6808056126219058
Purdue,Tennessee,0.6830642397120426
Purdue,Texas,0.7603659405041192
Purdue,Texas A&M,0.7628622721605649
Purdue,Texas Tech,0.6579593124777744
Purdue,UCLA,0.6443186521020036
Purdue,UMBC,0.9679017535208445
Purdue,UNC Greensboro,0.91876570559673
Purdue,Villanova,0.3683687043091761
Purdue,Virginia,0.42913837661243914
Purdue,Virginia Tech,0.6449855431688584
Purdue,West Virginia,0.47376695477336084
Purdue,Wichita St,0.5419954225670711
Purdue,Wright St,0.9463808698122015
Purdue,Xavier,0.46199965179511293
Radford,Rhode Island,0.05359404631826803
Radford,S Dakota St,0.17710257297962273
Radford,San Diego St,0.15601481449346577
Radford,Seton Hall,0.04800090265032775
Radford,SF Austin,0.21888765060531068
Radford,St Bonaventure,0.07458540412417125
Radford,Syracuse,0.05607669795651493
Radford,TCU,0.050723183999084265
Radford,Tennessee,0.051226938586313
Radford,Texas,0.07363778150551126
Radford,Texas A&M,0.07458122952019375
Radford,Texas Tech,0.045975508680035304
Radford,UCLA,0.043412047667647835
Radford,UMBC,0.43033984803912506
Radford,UNC Greensboro,0.2207845464706606
Radford,Villanova,0.014400099378264253
Radford,Virginia,0.018484571533036287
Radford,Virginia Tech,0.043533104239754095
Radford,West Virginia,0.022056975162259906
Radford,Wichita St,0.02879277068880448
Radford,Wright St,0.306601775430399
Radford,Xavier,0.021060121088039785
Rhode Island,S Dakota St,0.7903483434283995
Rhode Island,San Diego St,0.7640376710924168
Rhode Island,Seton Hall,0.4689860247145211
Rhode Island,SF Austin,0.8307523199586624
Rhode Island,St Bonaventure,0.5853637660086292
Rhode Island,Syracuse,0.5099497728373905
Rhode Island,TCU,0.48345892248929856
Rhode Island,Tennessee,0.4860598144847914
Rhode Island,Texas,0.5820079776265419
Rhode Island,Texas A&M,0.5853490858213994
Rhode Island,Texas Tech,0.4577381746741439
Rhode Island,UCLA,0.4428738232435733
Rhode Island,UMBC,0.9297375080639966
Rhode Island,UNC Greensboro,0.8323017245280224
Rhode Island,Villanova,0.2037715736182737
Rhode Island,Virginia,0.2480513195741405
Rhode Island,Virginia Tech,0.443592248085272
Rhode Island,West Virginia,0.2831898248496443
Rhode Island,Wichita St,0.3417991992496784
Rhode Island,Wright St,0.8856516474205707
Rhode Island,Xavier,0.2736941286131457
S Dakota St,San Diego St,0.47044262512020374
S Dakota St,Seton Hall,0.1950494383222171
S Dakota St,SF Austin,0.5738694214596052
S Dakota St,St Bonaventure,0.27919049819495445
S Dakota St,Syracuse,0.22209346253896634
S Dakota St,TCU,0.2043214312938899
S Dakota St,Tennessee,0.2060195728115115
S Dakota St,Texas,0.2764198075365023
S Dakota St,Texas A&M,0.2791783264848162
S Dakota St,Texas Tech,0.18804493600431738
S Dakota St,UCLA,0.1790467422624833
S Dakota St,UMBC,0.7840374455772484
S Dakota St,UNC Greensboro,0.5765718701901188
S Dakota St,Villanova,0.06560796886021225
S Dakota St,Virginia,0.0829940642996374
S Dakota St,Virginia Tech,0.17947506030292837
S Dakota St,West Virginia,0.09779166982926457
S Dakota St,Wichita St,0.12470619673287442
S Dakota St,Wright St,0.6799978125668736
S Dakota St,Xavier,0.09369997280395037
San Diego St,Seton Hall,0.2171584588005001
San Diego St,SF Austin,0.6065613846785115
San Diego St,St Bonaventure,0.30719715259610325
San Diego St,Syracuse,0.2463298574441618
San Diego St,TCU,0.22718481493849485
San Diego St,Tennessee,0.22901828380586764
San Diego St,Texas,0.30426584599147655
San Diego St,Texas A&M,0.3071842802398632
San Diego St,Texas Tech,0.20956669714058307
San Diego St,UCLA,0.19979206575142572
San Diego St,UMBC,0.8060548747488733
San Diego St,UNC Greensboro,0.6091976951098161
San Diego St,Villanova,0.07440083539989073
San Diego St,Virginia,0.09388292103585871
San Diego St,Virginia Tech,0.20025790529410625
San Diego St,West Virginia,0.11038826864563434
San Diego St,Wichita St,0.14023081199364373
San Diego St,Wright St,0.7086809909778602
San Diego St,Xavier,0.10583134262560145
Seton Hall,SF Austin,0.8503135096335173
Seton Hall,St Bonaventure,0.6203244235885454
Seton Hall,Syracuse,0.5463411030629739
Seton Hall,TCU,0.519965656771874
Seton Hall,Tennessee,0.5225642586550447
Seton Hall,Texas,0.6170664842271558
Seton Hall,Texas A&M,0.6203101783092964
Seton Hall,Texas Tech,0.49416075812512283
Seton Hall,UCLA,0.47915876787203815
Seton Hall,UMBC,0.9387023974697415
Seton Hall,UNC Greensboro,0.8517158021757093
Seton Hall,Villanova,0.22850133213095258
Seton Hall,Virginia,0.27629017600327754
Seton Hall,Virginia Tech,0.479885353295585
Seton Hall,West Virginia,0.31375978721820985
Seton Hall,Wichita St,0.37538271322473815
Seton Hall,Wright St,0.8996342938208811
Seton Hall,Xavier,0.3036732999809375
SF Austin,St Bonaventure,0.22690105892269885
SF Austin,Syracuse,0.17785904309327194
SF Austin,TCU,0.16288550450672934
SF Austin,Tennessee,0.16431038225850925
SF Austin,Texas,0.22448767751558507
SF Austin,Texas A&M,0.22689044928161384
SF Austin,Texas Tech,0.14929052086921835
SF Austin,UCLA,0.14182286252057752
SF Austin,UMBC,0.7333995058233779
SF Austin,UNC Greensboro,0.5078253051129962
SF Austin,Villanova,0.05051682572147098
SF Austin,Virginia,0.06417845241091136
SF Austin,Virginia Tech,0.1421775548609221
SF Austin,West Virginia,0.07589895624827137
SF Austin,Wichita St,0.09743884598385855
SF Austin,Wright St,0.6168854506473653
SF Austin,Xavier,0.07264951025961564
St Bonaventure,Syracuse,0.4406228861308663
St Bonaventure,TCU,0.4146858900205428
St Bonaventure,Tennessee,0.4172156383005028
St Bonaventure,Texas,0.5131427143565148
St Bonaventure,Texas A&M,0.5165770631045055
St Bonaventure,Texas Tech,0.3898624484221378
St Bonaventure,UCLA,0.37567523055310037
St Bonaventure,UMBC,0.9092263762187562
St Bonaventure,UNC Greensboro,0.7897783359445232
St Bonaventure,Villanova,0.16228480658873934
St Bonaventure,Virginia,0.19981176316736238
St Bonaventure,Virginia Tech,0.3763582858692647
St Bonaventure,West Virginia,0.23020882186285885
St Bonaventure,Wichita St,0.28216951044097294
St Bonaventure,Wright St,0.8542878810945451
St Bonaventure,Xavier,0.22193959531173957
Syracuse,TCU,0.4691770491782332
Syracuse,Tennessee,0.47177128188013406
Syracuse,Texas,0.5680162196949228
Syracuse,Texas A&M,0.5713868044280475
Syracuse,Texas Tech,0.443563649096557
Syracuse,UCLA,0.428795612879031
Syracuse,UMBC,0.9259036775456795
Syracuse,UNC Greensboro,0.8241568941340353
Syracuse,Villanova,0.19463864017276322
Syracuse,Virginia,0.23752582319702775
Syracuse,Virginia Tech,0.429508806476374
Syracuse,West Virginia,0.2717120775884724
Syracuse,Wichita St,0.32903640096947395
Syracuse,Wright St,0.8797234910097926
Syracuse,Xavier,0.2624603264255486
TCU,Tennessee,0.5020674055048535
TCU,Texas,0.5975018004984478
TCU,Texas A&M,0.6008040080429983
TCU,Texas Tech,0.473672685996277
TCU,UCLA,0.45872862367244815
TCU,UMBC,0.9338078645893928
TCU,UNC Greensboro,0.8410516150868084
TCU,Villanova,0.2143600354107127
TCU,Virginia,0.2601887892258198
TCU,Virginia Tech,0.45945155761834644
TCU,West Virginia,0.296369002599598
TCU,Wichita St,0.35634998780833993
TCU,Wright St,0.8919792036974168
TCU,Xavier,0.2866080866281321
Tennessee,Texas,0.5845356500407857
Tennessee,Texas A&M,0.5878708609294023
Tennessee,Texas Tech,0.4603205011105107
Tennessee,UCLA,0.44544117702116615
Tennessee,UMBC,0.9304138113372625
Tennessee,UNC Greensboro,0.8337481807308454
Tennessee,Villanova,0.20546402130879493
Tennessee,Virginia,0.24999606684154807
Tennessee,Virginia Tech,0.44616043137437733
Tennessee,West Virginia,0.2853055349088033
Tennessee,Wichita St,0.34414255691508455
Tennessee,Wright St,0.8867005827140175
Tennessee,Xavier,0.275766188791449
Texas,Texas A&M,0.504345695266506
Texas,Texas Tech,0.3782836166614011
Texas,UCLA,0.3642661960831265
Texas,UMBC,0.9051046614809667
Texas,UNC Greensboro,0.7815360825999366
Texas,Villanova,0.15573972229202093
Texas,Virginia,0.19210025094656802
Texas,Virginia Tech,0.3649406330309267
Texas,West Virginia,0.2216491245727359
Texas,Wichita St,0.27236136582876824
Texas,Wright St,0.8480883870622028
Texas,Xavier,0.2136020503655579
Texas A&M,Texas Tech,0.36218912136129466
Texas A&M,UCLA,0.34843384935600596
Texas A&M,UMBC,0.8990070796154315
Texas A&M,UNC Greensboro,0.769520371249703
Texas A&M,Villanova,0.14687675639955589
Texas A&M,Virginia,0.1816131736382105
Texas A&M,Virginia Tech,0.3490950694724383
Texas A&M,West Virginia,0.20996816503151927
Texas A&M,Wichita St,0.2588968080390869
Texas A&M,Wright St,0.8389789469193101
Texas A&M,Xavier,0.20223498621654734
Texas Tech,UCLA,0.49427185884673996
Texas Tech,UMBC,0.9420925490121576
Texas Tech,UNC Greensboro,0.8591952370878903
Texas Tech,Villanova,0.23934148001440914
Texas Tech,Virginia,0.28854950959064585
Texas Tech,Virginia Tech,0.49499958130947874
Texas Tech,West Virginia,0.32693063832517866
Texas Tech,Wichita St,0.38967147751003095
Texas Tech,Wright St,0.9049664131495003
Texas Tech,Xavier,0.31661609554172576
UCLA,UMBC,0.9436587786802709
UCLA,UNC Greensboro,0.8626767777091888
UCLA,Villanova,0.24467589669628642
UCLA,Virginia,0.2945559686895929
UCLA,Virginia Tech,0.5022695850111586
UCLA,West Virginia,0.3333616828320677
UCLA,Wichita St,0.39660945267239
UCLA,Wright St,0.9074381382209247
UCLA,Xavier,0.3229415938472372
UMBC,UNC Greensboro,0.26753028552171054
UMBC,Villanova,0.018485605335370803
UMBC,Virginia,0.023701031803977757
UMBC,Virginia Tech,0.05541928679307051
UMBC,West Virginia,0.028252570442197644
UMBC,Wichita St,0.036809172585414385
UMBC,Wright St,0.3630516006409569
UMBC,Xavier,0.026983435464488004
UNC Greensboro,Villanova,0.04746476638869335
UNC Greensboro,Virginia,0.06035346838914302
UNC Greensboro,Virginia Tech,0.13437137560202783
UNC Greensboro,West Virginia,0.07142875677132687
UNC Greensboro,Wichita St,0.09182607879789506
UNC Greensboro,Wright St,0.601284782127357
UNC Greensboro,Xavier,0.06835653582235246
Villanova,Virginia,0.5691792611083597
Villanova,Virginia Tech,0.7615035035559911
Villanova,West Virginia,0.612739463647786
Villanova,Wichita St,0.6752986366250618
Villanova,Wright St,0.968768847148756
Villanova,Xavier,0.6014656400293679
Virginia,Virginia Tech,0.7048842924217307
Virginia,West Virginia,0.542042529062174
Virginia,Wichita St,0.6087295671046116
Virginia,Wright St,0.9586849615870425
Virginia,Xavier,0.5302882943193994
Virginia Tech,West Virginia,0.3417780898967371
Virginia Tech,Wichita St,0.40565101138541704
Virginia Tech,Wright St,0.9105514945864696
Virginia Tech,Xavier,0.3312256363625399
West Virginia,Wichita St,0.5620333835745267
West Virginia,Wright St,0.9503475191195055
West Virginia,Xavier,0.4821938114371225
Wichita St,Wright St,0.9371235091406548
Wichita St,Xavier,0.4203366635362713
Wright St,Xavier,0.047439400809185406
