Arizona,Arkansas,0.6505559466373039
Arizona,Baylor,0.5557089472055554
Arizona,Bucknell,0.926750857055568
Arizona,Butler,0.6125184138269546
Arizona,Cincinnati,0.5719123159935742
Arizona,Creighton,0.6950705100587037
Arizona,Dayton,0.7492430755988745
Arizona,Duke,0.48807354971517825
Arizona,ETSU,0.8955192158749723
Arizona,FL Gulf Coast,0.9248765810230986
Arizona,Florida,0.6381015787002808
Arizona,Florida St,0.631631096427163
Arizona,Gonzaga,0.47832032617529063
Arizona,Iona,0.9109629103755471
Arizona,Iowa St,0.5691278483909109
Arizona,Jacksonville St,0.9715882351851668
Arizona,Kansas,0.4067372699378391
Arizona,Kansas St,0.7265692340600816
Arizona,Kent,0.8785344705621283
Arizona,Kentucky,0.40036875281952977
Arizona,Louisville,0.520724675569618
Arizona,Marquette,0.6864446374593727
Arizona,Maryland,0.7181466845721518
Arizona,Miami FL,0.6710225939035711
Arizona,Michigan,0.6498474246144448
Arizona,Michigan St,0.7568250868082643
Arizona,Minnesota,0.777714068882458
Arizona,Mt St Mary's,0.9843342443673645
Arizona,MTSU,0.7693091499335295
Arizona,N Kentucky,0.9361049387010781
Arizona,NC Central,0.975204332428748
Arizona,Nevada,0.7640575710536037
Arizona,New Mexico St,0.8799434415116029
Arizona,New Orleans,0.9790925690688581
Arizona,North Carolina,0.4363943663228571
Arizona,North Dakota,0.9629361620527727
Arizona,Northwestern,0.7296108975240174
Arizona,Notre Dame,0.4471688035795933
Arizona,Oklahoma St,0.6721447019074948
Arizona,Oregon,0.5261088263800076
Arizona,Princeton,0.8810068069798431
Arizona,Providence,0.7533120388413345
Arizona,Purdue,0.6262847216869656
Arizona,Rhode Island,0.7083689646789822
Arizona,S Dakota St,0.9390293382440293
Arizona,Seton Hall,0.646713560496995
Arizona,SMU,0.5616660835718903
Arizona,South Carolina,0.7479508144208862
Arizona,St Mary's CA,0.6458502808186414
Arizona,Troy,0.9599007001297665
Arizona,TX Southern,0.9637516703860256
Arizona,UC Davis,0.9624678888274965
Arizona,UCLA,0.5132199352507436
Arizona,UNC Wilmington,0.8191514608325036
Arizona,USC,0.7132516461789775
Arizona,VA Commonwealth,0.7301793186298269
Arizona,Vanderbilt,0.8034220655750666
Arizona,Vermont,0.8884224721553057
Arizona,Villanova,0.37332616275069774
Arizona,Virginia,0.5164911708046058
Arizona,Virginia Tech,0.7494284621672646
Arizona,Wake Forest,0.7841308479791056
Arizona,West Virginia,0.4289168062426636
Arizona,Wichita St,0.566991447325951
Arizona,Winthrop,0.9496865235650144
Arizona,Wisconsin,0.6221610063289141
Arizona,Xavier,0.6732412547834016
Arkansas,Baylor,0.41015863406958475
Arkansas,Bucknell,0.8755277206131667
Arkansas,Butler,0.467753877477565
Arkansas,Cincinnati,0.4261890892426853
Arkansas,Creighton,0.5589392779142013
Arkansas,Dayton,0.6242214021179424
Arkansas,Duke,0.34642537475245383
Arkansas,ETSU,0.826543552741956
Arkansas,FL Gulf Coast,0.8725230506667284
Arkansas,Florida,0.4950150340429619
Arkansas,Florida St,0.48803882823142
Arkansas,Gonzaga,0.3376358477333029
Arkansas,Iona,0.8504805072637973
Arkansas,Iowa St,0.42341237017386735
Arkansas,Jacksonville St,0.9500292212502641
Arkansas,Kansas,0.2759692642972503
Arkansas,Kansas St,0.5963334649114628
Arkansas,Kent,0.8008396067540504
Arkansas,Kentucky,0.2707139497215644
Arkansas,Louisville,0.3765710144706377
Arkansas,Marquette,0.5489613976936885
Arkansas,Maryland,0.5861840782644292
Arkansas,Miami FL,0.5313934723512014
Arkansas,Michigan,0.5078229049890601
Arkansas,Michigan St,0.633735687503516
Arkansas,Minnesota,0.6604544299984441
Arkansas,Mt St Mary's,0.972169940652315
Arkansas,MTSU,0.6496133225863885
Arkansas,N Kentucky,0.8906512939973574
Arkansas,NC Central,0.9562657219287496
Arkansas,Nevada,0.6429017294830277
Arkansas,New Mexico St,0.8029476739592734
Arkansas,New Orleans,0.9630111013646067
Arkansas,North Carolina,0.3009279653230472
Arkansas,North Dakota,0.9352494385828535
Arkansas,Northwestern,0.6000263478246142
Arkansas,Notre Dame,0.3101986015047741
Arkansas,Oklahoma St,0.5326601448611068
Arkansas,Oregon,0.3816515628796745
Arkansas,Princeton,0.8045415238927207
Arkansas,Providence,0.6293153712082878
Arkansas,Purdue,0.48231648702812413
Arkansas,Rhode Island,0.5745405973316189
Arkansas,S Dakota St,0.8954236459206173
Arkansas,Seton Hall,0.5043873535378611
Arkansas,SMU,0.41601647441008416
Arkansas,South Carolina,0.622609376193145
Arkansas,St Mary's CA,0.5034433238269445
Arkansas,Troy,0.9301110559907881
Arkansas,TX Southern,0.9366340450283901
Arkansas,UC Davis,0.9344551749075042
Arkansas,UCLA,0.36954194536652085
Arkansas,UNC Wilmington,0.7157617730725792
Arkansas,USC,0.580336483852659
Arkansas,VA Commonwealth,0.6007181048648834
Arkansas,Vanderbilt,0.6943948377962117
Arkansas,Vermont,0.8157257813595216
Arkansas,Villanova,0.2487952125997014
Arkansas,Virginia,0.3725983670819899
Arkansas,Virginia Tech,0.6244528892578372
Arkansas,Wake Forest,0.6688147028830917
Arkansas,West Virginia,0.29455847081070796
Arkansas,Wichita St,0.4212881359468702
Arkansas,Winthrop,0.9129965676809505
Arkansas,Wisconsin,0.4779284302488448
Arkansas,Xavier,0.5338997094337723
Baylor,Bucknell,0.9107051884761231
Baylor,Butler,0.560297198023881
Baylor,Cincinnati,0.5185203404676072
Baylor,Creighton,0.6475735322775753
Baylor,Dayton,0.7066226346639011
Baylor,Duke,0.43456317964183144
Baylor,ETSU,0.8735654350437079
Baylor,FL Gulf Coast,0.9084608948096209
Baylor,Florida,0.5870034710225274
Baylor,Florida St,0.580220407850629
Baylor,Gonzaga,0.4249915442418658
Baylor,Iona,0.8918623441159582
Baylor,Iowa St,0.515682682216474
Baylor,Jacksonville St,0.9649934593178731
Baylor,Kansas,0.3559439969949403
Baylor,Kansas St,0.6817320286319585
Baylor,Kent,0.8535952711837865
Baylor,Kentucky,0.34990171783197455
Baylor,Louisville,0.4668994463424079
Baylor,Marquette,0.638303235064912
Baylor,Maryland,0.6725507945822006
Baylor,Miami FL,0.6218178772680483
Baylor,Michigan,0.5993665054821489
Baylor,Michigan St,0.715003146141086
Baylor,Minnesota,0.7382421471056632
Baylor,Mt St Mary's,0.9806390440402682
Baylor,MTSU,0.7288650694491458
Baylor,N Kentucky,0.9219357364329057
Baylor,NC Central,0.9694224886287574
Baylor,Nevada,0.7230242767626045
Baylor,New Mexico St,0.8552458654054422
Baylor,New Orleans,0.9741933900564883
Baylor,North Carolina,0.3842965763874937
Baylor,North Dakota,0.9544273151866176
Baylor,Northwestern,0.6850562630920936
Baylor,Notre Dame,0.39468549902233585
Baylor,Oklahoma St,0.6230135278526705
Baylor,Oregon,0.4722754688671962
Baylor,Princeton,0.8564923067403618
Baylor,Providence,0.7111165336323069
Baylor,Purdue,0.5746303729870355
Baylor,Rhode Island,0.6619359214221792
Baylor,S Dakota St,0.9254570019004968
Baylor,Seton Hall,0.5960616739729299
Baylor,SMU,0.5080953319233116
Baylor,South Carolina,0.7051971535152627
Baylor,St Mary's CA,0.5951521048010588
Baylor,Troy,0.9507306492792921
Baylor,TX Southern,0.9554213748215616
Baylor,UC Davis,0.9538566906601138
Baylor,UCLA,0.4594268319644409
Baylor,UNC Wilmington,0.7850035540444942
Baylor,USC,0.6672308120504031
Baylor,VA Commonwealth,0.6856779971708625
Baylor,Vanderbilt,0.767148386802274
Baylor,Vermont,0.8652019655051681
Baylor,Villanova,0.32442361533259423
Baylor,Virginia,0.46268109287605275
Baylor,Virginia Tech,0.7068272013956098
Baylor,Wake Forest,0.7454253886929656
Baylor,West Virginia,0.3771143977298269
Baylor,Wichita St,0.5135078042212253
Baylor,Winthrop,0.9383307239027268
Baylor,Wisconsin,0.5703277232033424
Baylor,Xavier,0.6241825265421128
Bucknell,Butler,0.11248580222400861
Bucknell,Cincinnati,0.09675161632521934
Bucknell,Creighton,0.154520720534983
Bucknell,Dayton,0.1932656504632594
Bucknell,Duke,0.07101357722513091
Bucknell,ETSU,0.4073074059957267
Bucknell,FL Gulf Coast,0.49675498819965114
Bucknell,Florida,0.12385997090652912
Bucknell,Florida St,0.12086252303561207
Bucknell,Gonzaga,0.0684796582518189
Bucknell,Iona,0.4506464733153117
Bucknell,Iowa St,0.0957630523675096
Bucknell,Jacksonville St,0.7327501097612847
Bucknell,Kansas,0.052105233802104634
Bucknell,Kansas St,0.17563247463618126
Bucknell,Kent,0.3670522761831765
Bucknell,Kentucky,0.050813797885635004
Bucknell,Louisville,0.08013148017628191
Bucknell,Marquette,0.1493181999187575
Bucknell,Maryland,0.1696343203743753
Bucknell,Miami FL,0.14055421608243457
Bucknell,Michigan,0.12952788153934658
Bucknell,Michigan St,0.1997021425795774
Bucknell,Minnesota,0.2190666509411806
Bucknell,Mt St Mary's,0.8343782376768465
Bucknell,MTSU,0.21096910383555012
Bucknell,N Kentucky,0.5401576502434575
Bucknell,NC Central,0.7592313256591244
Bucknell,Nevada,0.20612342311079823
Bucknell,New Mexico St,0.3701406428034618
Bucknell,New Orleans,0.7896826151090629
Bucknell,North Carolina,0.05845215456769559
Bucknell,North Dakota,0.6756467451038161
Bucknell,Northwestern,0.1778680602907715
Bucknell,Notre Dame,0.060903664113928335
Bucknell,Oklahoma St,0.14116991223346886
Bucknell,Oregon,0.08173694470499304
Bucknell,Princeton,0.37249941816924026
Bucknell,Providence,0.19668351170200093
Bucknell,Purdue,0.11844931934309422
Bucknell,Rhode Island,0.1630056420237327
Bucknell,S Dakota St,0.5525417464369979
Bucknell,Seton Hall,0.1279860800103605
Bucknell,SMU,0.09316556989773961
Bucknell,South Carolina,0.19219732834750614
Bucknell,St Mary's CA,0.1275652096305867
Bucknell,Troy,0.6574526348026674
Bucknell,TX Southern,0.6806873050321602
Bucknell,UC Davis,0.672782201460473
Bucknell,UCLA,0.07794394413722328
Bucknell,UNC Wilmington,0.2664128825010963
Bucknell,USC,0.16627245838586135
Bucknell,VA Commonwealth,0.17829006777569378
Bucknell,Vanderbilt,0.24681218365440882
Bucknell,Vermont,0.38965076070190685
Bucknell,Villanova,0.04558665097051218
Bucknell,Virginia,0.07889039393113251
Bucknell,Virginia Tech,0.19341958147939697
Bucknell,Wake Forest,0.22555113703093066
Bucknell,West Virginia,0.05679795976608082
Bucknell,Wichita St,0.09501174543275981
Bucknell,Winthrop,0.602130660669941
Bucknell,Wisconsin,0.11662589679858948
Bucknell,Xavier,0.14177481139199077
Butler,Cincinnati,0.4635124704139675
Butler,Creighton,0.5958168137854336
Butler,Dayton,0.6589709422340166
Butler,Duke,0.38140652238996486
Butler,ETSU,0.8471645165125757
Butler,FL Gulf Coast,0.8884157872228889
Butler,Florida,0.5327695212356993
Butler,Florida St,0.525815262996317
Butler,Gonzaga,0.3722349405559163
Butler,Iona,0.868707805259632
Butler,Iowa St,0.4606878118907174
Butler,Jacksonville St,0.9567382555560755
Butler,Kansas,0.30717973506821494
Butler,Kansas St,0.6321421392940223
Butler,Kent,0.8238651487636037
Butler,Kentucky,0.3015776358794121
Butler,Louisville,0.4126741581425142
Butler,Marquette,0.586055349420874
Butler,Maryland,0.622322877478122
Butler,Miami FL,0.5687973523881358
Butler,Michigan,0.5454990213604192
Butler,Michigan St,0.6680732483094376
Butler,Minnesota,0.6934985652307167
Butler,Mt St Mary's,0.9759815333667008
Butler,MTSU,0.6832064386689143
Butler,N Kentucky,0.9045312464125707
Butler,NC Central,0.9621707896870957
Butler,Nevada,0.6768181900665089
Butler,New Mexico St,0.8257825156063578
Butler,New Orleans,0.9680358413430689
Butler,North Carolina,0.3336603198342034
Butler,North Dakota,0.9438254624917731
Butler,Northwestern,0.6357075526095954
Butler,Notre Dame,0.3434439335871702
Butler,Oklahoma St,0.570044724868499
Butler,Oregon,0.41791527585869215
Butler,Princeton,0.8272314080679439
Butler,Providence,0.663847525567181
Butler,Purdue,0.5200999632615091
Butler,Rhode Island,0.6110214819110669
Butler,S Dakota St,0.908759885850966
Butler,Seton Hall,0.5420893184373927
Butler,SMU,0.45315252876633694
Butler,South Carolina,0.6574261762388012
Butler,St Mary's CA,0.5411517724990123
Butler,Troy,0.9393234905761075
Butler,TX Southern,0.945037459087203
Butler,UC Davis,0.9431299999325716
Butler,UCLA,0.4054094189711218
Butler,UNC Wilmington,0.7454975621988809
Butler,USC,0.616651990545315
Butler,VA Commonwealth,0.6363749964939596
Butler,Vanderbilt,0.725508710622614
Butler,Vermont,0.8373797645602717
Butler,Villanova,0.27811293969780615
Butler,Virginia,0.4085702471931354
Butler,Virginia Tech,0.6591927102592491
Butler,Wake Forest,0.7014130551383855
Butler,West Virginia,0.3269220041911224
Butler,Wichita St,0.4585252856910784
Butler,Winthrop,0.9242813012103847
Butler,Wisconsin,0.5157105964366024
Butler,Xavier,0.5712649430911996
Cincinnati,Creighton,0.6351559392374551
Cincinnati,Dayton,0.6953066710476474
Cincinnati,Duke,0.42134680524018364
Cincinnati,ETSU,0.8674810824566719
Cincinnati,FL Gulf Coast,0.9038710113039993
Cincinnati,Florida,0.5738561287886355
Cincinnati,Florida St,0.5670164086214703
Cincinnati,Gonzaga,0.4118542383281103
Cincinnati,Iona,0.8865441295937712
Cincinnati,Iowa St,0.5021903537036942
Cincinnati,Jacksonville St,0.9631231236831327
Cincinnati,Kansas,0.343665420768278
Cincinnati,Kansas St,0.6699044902281585
Cincinnati,Kent,0.8467185295057718
Cincinnati,Kentucky,0.33772227918273645
Cincinnati,Louisville,0.45348836415921623
Cincinnati,Marquette,0.6257477792644371
Cincinnati,Maryland,0.6605519490789615
Cincinnati,Miami FL,0.6090406731110964
Cincinnati,Michigan,0.5863353808455507
Cincinnati,Michigan St,0.7038749665060675
Cincinnati,Minnesota,0.7276757683301682
Cincinnati,Mt St Mary's,0.9795869408778661
Cincinnati,MTSU,0.7180647250016541
Cincinnati,N Kentucky,0.9179604832397198
Cincinnati,NC Central,0.9677808872075726
Cincinnati,Nevada,0.7120831771278567
Cincinnati,New Mexico St,0.8484328869793434
Cincinnati,New Orleans,0.9728007355458931
Cincinnati,North Carolina,0.37160426267895585
Cincinnati,North Dakota,0.9520205181646066
Cincinnati,Northwestern,0.6732930583724359
Cincinnati,Notre Dame,0.38186287071984104
Cincinnati,Oklahoma St,0.610251399953868
Cincinnati,Oregon,0.458842877012987
Cincinnati,Princeton,0.8497276853553846
Cincinnati,Providence,0.6999002908129153
Cincinnati,Purdue,0.5613834615552971
Cincinnati,Rhode Island,0.649750675224733
Cincinnati,S Dakota St,0.921645821935534
Cincinnati,Seton Hall,0.5829978430348186
Cincinnati,SMU,0.4945987891656559
Cincinnati,South Carolina,0.6938500288730443
Cincinnati,St Mary's CA,0.5820794823364123
Cincinnati,Troy,0.9481392311186676
Cincinnati,TX Southern,0.9530644946463755
Cincinnati,UC Davis,0.9514212915298714
Cincinnati,UCLA,0.44605079844434403
Cincinnati,UNC Wilmington,0.7757514097694604
Cincinnati,USC,0.6551369846408438
Cincinnati,VA Commonwealth,0.6739269611814712
Cincinnati,Vanderbilt,0.7573653602769905
Cincinnati,Vermont,0.8587802046716766
Cincinnati,Villanova,0.31270444005161147
Cincinnati,Virginia,0.4492890599427879
Cincinnati,Virginia Tech,0.6955157282090986
Cincinnati,Wake Forest,0.7350449070614486
Cincinnati,West Virginia,0.36451885650120486
Cincinnati,Wichita St,0.5000136315130601
Cincinnati,Winthrop,0.9351316068650839
Cincinnati,Wisconsin,0.5570501062149591
Cincinnati,Xavier,0.6114352909483378
Creighton,Dayton,0.571781881379665
Creighton,Duke,0.29876843248322493
Creighton,ETSU,0.7929739908998159
Creighton,FL Gulf Coast,0.8461961938026976
Creighton,Florida,0.44070025317261685
Creighton,Florida St,0.4338319008235155
Creighton,Gonzaga,0.29065033869730483
Creighton,Iona,0.820537691833447
Creighton,Iowa St,0.3711793212579523
Creighton,Jacksonville St,0.9385824024572063
Creighton,Kansas,0.234526784466771
Creighton,Kansas St,0.5428523164073709
Creighton,Kent,0.763717550134388
Creighton,Kentucky,0.2298101705993939
Creighton,Louisville,0.32684087891955027
Creighton,Marquette,0.49452399854365825
Creighton,Maryland,0.5324126193409229
Creighton,Miami FL,0.47685635355293443
Creighton,Michigan,0.4533644692611576
Creighton,Michigan St,0.5817342310700311
Creighton,Minnesota,0.6099114184109777
Creighton,Mt St Mary's,0.9656113162263141
Creighton,MTSU,0.5984377349503942
Creighton,N Kentucky,0.8674997848129017
Creighton,NC Central,0.9461665484018879
Creighton,Nevada,0.5913625120674799
Creighton,New Mexico St,0.7661037856548176
Creighton,New Orleans,0.9543952941570197
Creighton,North Carolina,0.2570681771276757
Creighton,North Dakota,0.920699613177547
Creighton,Northwestern,0.5466625209756024
Creighton,Notre Dame,0.26550079780555624
Creighton,Oklahoma St,0.4781256668272803
Creighton,Oregon,0.331607366464847
Creighton,Princeton,0.767909506601646
Creighton,Providence,0.5771051194574057
Creighton,Purdue,0.42821353002317575
Creighton,Rhode Island,0.5204937993588166
Creighton,S Dakota St,0.8731386283049573
Creighton,Seton Hall,0.44996051954565397
Creighton,SMU,0.3641196279098806
Creighton,South Carolina,0.5700998260741169
Creighton,St Mary's CA,0.4490260651483702
Creighton,Troy,0.914512146450667
Creighton,TX Southern,0.922369523393534
Creighton,UC Davis,0.9197421896321202
Creighton,UCLA,0.3202632120933885
Creighton,UNC Wilmington,0.669329620983508
Creighton,USC,0.5264190634164638
Creighton,VA Commonwealth,0.547376950862589
Creighton,Vanderbilt,0.6461975834524276
Creighton,Vermont,0.7806183065300096
Creighton,Villanova,0.21024848573498311
Creighton,Virginia,0.32312094753140974
Creighton,Virginia Tech,0.5720235243004892
Creighton,Wake Forest,0.6187978750184383
Creighton,West Virginia,0.2512933176148163
Creighton,Wichita St,0.3691493644725401
Creighton,Winthrop,0.8940130570139587
Creighton,Wisconsin,0.42391463026312237
Creighton,Xavier,0.47936849783417634
Dayton,Duke,0.24146314637912358
Dayton,ETSU,0.7410514828908905
Dayton,FL Gulf Coast,0.8043281451541878
Dayton,Florida,0.3705575280804555
Dayton,Florida St,0.3640707609792946
Dayton,Gonzaga,0.23438169703854128
Dayton,Iona,0.7735540900385129
Dayton,Iowa St,0.3060469064456628
Dayton,Jacksonville St,0.9194701087573403
Dayton,Kansas,0.18627027314957634
Dayton,Kansas St,0.4701170698622529
Dayton,Kent,0.7071671219940688
Dayton,Kentucky,0.18229303732841662
Dayton,Louisville,0.26619514726992966
Dayton,Marquette,0.4222826064873584
Dayton,Maryland,0.4596696560369281
Dayton,Miami FL,0.40512733711202165
Dayton,Michigan,0.3825848810356469
Dayton,Michigan St,0.5095966960842733
Dayton,Minnesota,0.5387806356996585
Dayton,Mt St Mary's,0.9545023176295702
Dayton,MTSU,0.526837862965251
Dayton,N Kentucky,0.830267721142014
Dayton,NC Central,0.9292363982447007
Dayton,Nevada,0.5195139921740867
Dayton,New Mexico St,0.7099075339500946
Dayton,New Orleans,0.939888601413834
Dayton,North Carolina,0.20541818875321338
Dayton,North Dakota,0.8966352979079011
Dayton,Northwestern,0.4739460339462841
Dayton,Notre Dame,0.21264146713447973
Dayton,Oklahoma St,0.4063540258747014
Dayton,Oregon,0.27043251390902
Dayton,Princeton,0.7119839963958534
Dayton,Providence,0.5048487576228812
Dayton,Purdue,0.3587833185251661
Dayton,Rhode Island,0.44781968055803534
Dayton,S Dakota St,0.8371936917546986
Dayton,Seton Hall,0.3793435689002904
Dayton,SMU,0.29963571673473555
Dayton,South Carolina,0.4976883403492798
Dayton,St Mary's CA,0.37845486303366993
Dayton,Troy,0.8887969791679942
Dayton,TX Southern,0.8987562313643244
Dayton,UC Davis,0.895420338128339
Dayton,UCLA,0.2603659093522066
Dayton,UNC Wilmington,0.601962623621858
Dayton,USC,0.45370042056299786
Dayton,VA Commonwealth,0.4746649346887021
Dayton,Vanderbilt,0.5770955408982159
Dayton,Vermont,0.7266651233989077
Dayton,Villanova,0.16590479983716078
Dayton,Virginia,0.2628958879370934
Dayton,Virginia Tech,0.49965168275937255
Dayton,Wake Forest,0.5480868595682171
Dayton,West Virginia,0.20049049256210427
Dayton,Wichita St,0.30420083556800337
Dayton,Winthrop,0.8630550334309756
Dayton,Wisconsin,0.3547489922273491
Dayton,Xavier,0.4075559898699548
Duke,ETSU,0.9006914086901396
Duke,FL Gulf Coast,0.9287111651923896
Duke,Florida,0.6510514137947396
Duke,Florida St,0.6446835394531238
Duke,Gonzaga,0.49243982719242363
Duke,Iona,0.9154427701262612
Duke,Iowa St,0.5829326141743905
Duke,Jacksonville St,0.9731078077056409
Duke,Kansas,0.42044672861276744
Duke,Kansas St,0.7376549281579916
Duke,Kent,0.8844389713025737
Duke,Kentucky,0.41401335473538914
Duke,Louisville,0.5348126649724158
Duke,Marquette,0.6984820105407503
Duke,Maryland,0.7294466983712652
Duke,Miami FL,0.6833789359930253
Duke,Michigan,0.6625991952391659
Duke,Michigan St,0.7670773606521684
Duke,Minnesota,0.7873331318307779
Duke,Mt St Mary's,0.9851825069349647
Duke,MTSU,0.7791886564928496
Duke,N Kentucky,0.9394039357697158
Duke,NC Central,0.9765351727751476
Duke,Nevada,0.7740959387185495
Duke,New Mexico St,0.8857883554337974
Duke,New Orleans,0.9802189519176834
Duke,North Carolina,0.4503446353306958
Duke,North Dakota,0.9649017648079102
Duke,Northwestern,0.7406172976847071
Duke,Notre Dame,0.4611816653782611
Duke,Oklahoma St,0.6844787153414809
Duke,Oregon,0.5401783055638609
Duke,Princeton,0.8868066107969963
Duke,Providence,0.7636661726284049
Duke,Purdue,0.6394184577661641
Duke,Rhode Island,0.7199080945020733
Duke,S Dakota St,0.9421866693417172
Duke,Seton Hall,0.6595196631647449
Duke,SMU,0.5755316151508134
Duke,South Carolina,0.7584578207898584
Duke,St Mary's CA,0.6586711601663031
Duke,Troy,0.9620209330590213
Duke,TX Southern,0.9656755659987489
Duke,UC Davis,0.9644574088343801
Duke,UCLA,0.5273282815504088
Duke,UNC Wilmington,0.8273753996755486
Duke,USC,0.7246726711214564
Duke,VA Commonwealth,0.7411707889709972
Duke,Vanderbilt,0.812197296827629
Duke,Vermont,0.8939043588252835
Duke,Villanova,0.3866434092524563
Duke,Virginia,0.5305914235673834
Duke,Virginia Tech,0.7598936448515301
Duke,Wake Forest,0.7935459477580307
Duke,West Virginia,0.44281584597069445
Duke,Wichita St,0.5808142464896835
Duke,Winthrop,0.9523200003523815
Duke,Wisconsin,0.6353552860369766
Duke,Xavier,0.6855533146277795
ETSU,FL Gulf Coast,0.5939256786012456
ETSU,Florida,0.17319137711464505
ETSU,Florida St,0.1692306895802611
ETSU,Gonzaga,0.09822687891140047
ETSU,Iona,0.5486305792790507
ETSU,Iowa St,0.13563633639957307
ETSU,Jacksonville St,0.8024723476932196
ETSU,Kansas,0.07531457878255865
ETSU,Kansas St,0.23993705452630454
ETSU,Kent,0.46215120887501004
ETSU,Kentucky,0.07349249606981478
ETSU,Louisville,0.11431903198803606
ETSU,Marquette,0.20640052346024085
ETSU,Maryland,0.23236179838779425
ETSU,Miami FL,0.19505439584054507
ETSU,Michigan,0.18065126343047733
ETSU,Michigan St,0.2699337370795697
ETSU,Minnesota,0.2936099122946062
ETSU,Mt St Mary's,0.8818616088420311
ETSU,MTSU,0.283758157199851
ETSU,N Kentucky,0.6351038066745627
ETSU,NC Central,0.8237070889495215
ETSU,Nevada,0.2778292975465151
ETSU,New Mexico St,0.4654513210068252
ETSU,New Orleans,0.8476402208245426
ETSU,North Carolina,0.08423738162333283
ETSU,North Dakota,0.7552913738389773
ETSU,Northwestern,0.24275013076884866
ETSU,Notre Dame,0.08766963945993467
ETSU,Oklahoma St,0.19585442483946636
ETSU,Oregon,0.11652269090992817
ETSU,Princeton,0.467966211951385
ETSU,Providence,0.2662066327148559
ETSU,Purdue,0.16603413267398381
ETSU,Rhode Island,0.22394302091761953
ETSU,S Dakota St,0.6466038067947943
ETSU,Seton Hall,0.17862580259105598
ETSU,SMU,0.13211534711436035
ETSU,South Carolina,0.26064921306799815
ETSU,St Mary's CA,0.17807241374867533
ETSU,Troy,0.7398445968008049
ETSU,TX Southern,0.7595347329629867
ETSU,UC Davis,0.7528729430799571
ETSU,UCLA,0.11131113468572562
ETSU,UNC Wilmington,0.3498494927104103
ETSU,USC,0.22809827401154248
ETSU,VA Commonwealth,0.24328052407291434
ETSU,Vanderbilt,0.326845180322751
ETSU,Vermont,0.4861080153110767
ETSU,Villanova,0.06609487121015101
ETSU,Virginia,0.11261326794572424
ETSU,Virginia Tech,0.26216550042610287
ETSU,Wake Forest,0.3014491759330421
ETSU,West Virginia,0.08191695295098078
ETSU,Wichita St,0.1346187764782273
ETSU,Winthrop,0.6915869712748375
ETSU,Wisconsin,0.16361413946478243
ETSU,Xavier,0.19663999173778723
FL Gulf Coast,Florida,0.12446250830525452
FL Gulf Coast,Florida St,0.12145250018317122
FL Gulf Coast,Gonzaga,0.06883395486601096
FL Gulf Coast,Iona,0.45201855547085634
FL Gulf Coast,Iowa St,0.0962439221619874
FL Gulf Coast,Jacksonville St,0.7338337550730385
FL Gulf Coast,Kansas,0.05237957690584438
FL Gulf Coast,Kansas St,0.17643614949499742
FL Gulf Coast,Kent,0.36834049383166223
FL Gulf Coast,Kentucky,0.05108170778487209
FL Gulf Coast,Louisville,0.08054084817665974
FL Gulf Coast,Marquette,0.15002337671576582
FL Gulf Coast,Maryland,0.17041622226052655
FL Gulf Coast,Miami FL,0.1412248748712841
FL Gulf Coast,Michigan,0.13015389543321343
FL Gulf Coast,Michigan St,0.20058915774529995
FL Gulf Coast,Minnesota,0.22001603127698366
FL Gulf Coast,Mt St Mary's,0.8351425131628072
FL Gulf Coast,MTSU,0.2118929132365318
FL Gulf Coast,N Kentucky,0.5415336118610952
FL Gulf Coast,NC Central,0.7602427285549599
FL Gulf Coast,Nevada,0.20703158134284327
FL Gulf Coast,New Mexico St,0.3714333388007216
FL Gulf Coast,New Orleans,0.7906013806065268
FL Gulf Coast,North Carolina,0.05875784382776594
FL Gulf Coast,North Dakota,0.6768598236808534
FL Gulf Coast,Northwestern,0.17867974765926053
FL Gulf Coast,Notre Dame,0.06122134048782657
FL Gulf Coast,Oklahoma St,0.14184302397853576
FL Gulf Coast,Oregon,0.0821537820386975
FL Gulf Coast,Princeton,0.373795463211419
FL Gulf Coast,Providence,0.19756042888001435
FL Gulf Coast,Purdue,0.11902911160322827
FL Gulf Coast,Rhode Island,0.1637630158534077
FL Gulf Coast,S Dakota St,0.553911254674804
FL Gulf Coast,Seton Hall,0.1286057432275337
FL Gulf Coast,SMU,0.09363474718430187
FL Gulf Coast,South Carolina,0.19305905075857144
FL Gulf Coast,St Mary's CA,0.12818313467846854
FL Gulf Coast,Troy,0.6586993860927468
FL Gulf Coast,TX Southern,0.6818904077354601
FL Gulf Coast,UC Davis,0.6740008242126443
FL Gulf Coast,UCLA,0.07834308845326576
FL Gulf Coast,UNC Wilmington,0.26749716592237305
FL Gulf Coast,USC,0.16704198158617822
FL Gulf Coast,VA Commonwealth,0.17910326140366484
FL Gulf Coast,Vanderbilt,0.2478436451257836
FL Gulf Coast,Vermont,0.3909692997637104
FL Gulf Coast,Villanova,0.04582833196065439
FL Gulf Coast,Virginia,0.07929396813590406
FL Gulf Coast,Virginia Tech,0.19428546589607765
FL Gulf Coast,Wake Forest,0.22652046810029314
FL Gulf Coast,West Virginia,0.057095522623422656
FL Gulf Coast,Wichita St,0.09548924097356926
FL Gulf Coast,Winthrop,0.603457318631648
FL Gulf Coast,Wisconsin,0.11719795025734592
FL Gulf Coast,Xavier,0.1424503289622031
Florida,Florida St,0.4935711127878558
Florida,Gonzaga,0.3426041404960195
Florida,Iona,0.8532737195051792
Florida,Iowa St,0.4288256922883361
Florida,Jacksonville St,0.9510697311811084
Florida,Kansas,0.28041429644589444
Florida,Kansas St,0.6016506884275818
Florida,Kent,0.8043468354398834
Florida,Kentucky,0.27510649762456896
Florida,Louisville,0.38178200394030826
Florida,Marquette,0.554436385907733
Florida,Maryland,0.5915434215650167
Florida,Miami FL,0.5369018151302731
Florida,Michigan,0.5133545791560614
Florida,Michigan St,0.638858601952177
Florida,Minnesota,0.6654009438919151
Florida,Mt St Mary's,0.9727626458964119
Florida,MTSU,0.6546351834931545
Florida,N Kentucky,0.8927886657633533
Florida,NC Central,0.9571822258753427
Florida,Nevada,0.6479676553068994
Florida,New Mexico St,0.8064267525905364
Florida,New Orleans,0.963791600253416
Florida,North Carolina,0.30560532315307787
Florida,North Dakota,0.9365771535464492
Florida,Northwestern,0.6053271215812546
Florida,Notre Dame,0.3149551345169681
Florida,Oklahoma St,0.538166538601778
Florida,Oregon,0.3868892271424428
Florida,Princeton,0.8079991910629116
Florida,Providence,0.6344644510147965
Florida,Purdue,0.48784571608424676
Florida,Rhode Island,0.579942676524942
Florida,S Dakota St,0.8974784730405627
Florida,Seton Hall,0.5099203768333553
Florida,SMU,0.42140434752450584
Florida,South Carolina,0.6277965136598715
Florida,St Mary's CA,0.5089766263622957
Florida,Troy,0.9315364209236279
Florida,TX Southern,0.9379352526416881
Florida,UC Davis,0.9357980582927818
Florida,UCLA,0.3747141299998721
Florida,UNC Wilmington,0.7202438550861736
Florida,USC,0.58571803614403
Florida,VA Commonwealth,0.6060157305320044
Florida,Vanderbilt,0.6990721942304188
Florida,Vermont,0.8190301020834397
Florida,Villanova,0.25295546973092586
Florida,Virginia,0.3777876960902272
Florida,Virginia Tech,0.6296297612344931
Florida,Wake Forest,0.6736995962424076
Florida,West Virginia,0.29917919627393497
Florida,Wichita St,0.42669439782184015
Florida,Winthrop,0.9147389815727609
Florida,Wisconsin,0.48345433319295406
Florida,Xavier,0.5394041272360484
Florida St,Gonzaga,0.3515388097560672
Florida St,Iona,0.8581416585549442
Florida St,Iowa St,0.43850903831838306
Florida St,Jacksonville St,0.952872294543538
Florida St,Kansas,0.2884387291262852
Florida St,Kansas St,0.6110615033699903
Florida St,Kent,0.8104774789962376
Florida St,Kentucky,0.28303878418742456
Florida St,Louisville,0.3911304959224533
Florida St,Marquette,0.5641545915183861
Florida St,Maryland,0.6010346770274178
Florida St,Miami FL,0.5466897770205265
Florida St,Michigan,0.5231982518226728
Florida St,Michigan St,0.6479048130783336
Florida St,Minnesota,0.6741214379034051
Florida St,Mt St Mary's,0.9737880796509283
Florida St,MTSU,0.6634943643764317
Florida St,N Kentucky,0.8965046295726742
Florida St,NC Central,0.9587693704040082
Florida St,Nevada,0.6569082315355415
Florida St,New Mexico St,0.8125074152057092
Florida St,New Orleans,0.9651426741026627
Florida St,North Carolina,0.3140360322208918
Florida St,North Dakota,0.9388793041633443
Florida St,Northwestern,0.6147067032752414
Florida St,Notre Dame,0.3235236034201914
Florida St,Oklahoma St,0.5479502759226542
Florida St,Oregon,0.3962826139045519
Florida St,Princeton,0.8140418492575503
Florida St,Providence,0.6435593198795934
Florida St,Purdue,0.49770050043936864
Florida St,Rhode Island,0.5895164405850808
Florida St,S Dakota St,0.9010499030907331
Florida St,Seton Hall,0.5197685316261293
Florida St,SMU,0.43104658022243736
Florida St,South Carolina,0.6369623572596331
Florida St,St Mary's CA,0.5188258502687518
Florida St,Troy,0.9340086501463682
Florida St,TX Southern,0.9401912544177115
Florida St,UC Davis,0.9381266205882661
Florida St,UCLA,0.383997052918025
Florida St,UNC Wilmington,0.728119030846458
Florida St,USC,0.5952520362908468
Florida St,VA Commonwealth,0.6153893451241076
Florida St,Vanderbilt,0.707301153697667
Florida St,Vermont,0.8248008710892475
Florida St,Villanova,0.26047856781081313
Florida St,Virginia,0.38709962350256166
Florida St,Virginia Tech,0.6387764353556016
Florida St,Wake Forest,0.6823070702712895
Florida St,West Virginia,0.3075111350455403
Florida St,Wichita St,0.4363663849888203
Florida St,Winthrop,0.9177642218739681
Florida St,Wisconsin,0.4933058528702411
Florida St,Xavier,0.549183609134744
Gonzaga,Iona,0.9143105214239609
Gonzaga,Iowa St,0.5793936405880731
Gonzaga,Jacksonville St,0.9727247064970312
Gonzaga,Kansas,0.41690813169476093
Gonzaga,Kansas St,0.7348316210979455
Gonzaga,Kent,0.88294465598309
Gonzaga,Kentucky,0.4104905525906395
Gonzaga,Louisville,0.531193751433813
Gonzaga,Marquette,0.6954112052508314
Gonzaga,Maryland,0.7265677998792825
Gonzaga,Miami FL,0.6802247333568796
Gonzaga,Michigan,0.6593411757371404
Gonzaga,Michigan St,0.7644695906543886
Gonzaga,Minnesota,0.7848885465387664
Gonzaga,Mt St Mary's,0.9849687626274168
Gonzaga,MTSU,0.7766770060579111
Gonzaga,N Kentucky,0.9385710049765948
Gonzaga,NC Central,0.9761997029987228
Gonzaga,Nevada,0.7715433447694044
Gonzaga,New Mexico St,0.8843092065202792
Gonzaga,New Orleans,0.9799350659248657
Gonzaga,North Carolina,0.4467483774860602
Gonzaga,North Dakota,0.9644060378145315
Gonzaga,Northwestern,0.7378145397727178
Gonzaga,Notre Dame,0.4575709094046678
Gonzaga,Oklahoma St,0.681330359806275
Gonzaga,Oregon,0.5365649630146548
Gonzaga,Princeton,0.8853389422123819
Gonzaga,Providence,0.7610321091530337
Gonzaga,Purdue,0.6360595457045867
Gonzaga,Rhode Island,0.7169670801711707
Gonzaga,S Dakota St,0.941389602478155
Gonzaga,Seton Hall,0.6562473342079126
Gonzaga,SMU,0.5719759530176873
Gonzaga,South Carolina,0.7557842714881823
Gonzaga,St Mary's CA,0.6553949373224276
Gonzaga,Troy,0.9614861413238011
Gonzaga,TX Southern,0.9651903738844383
Gonzaga,UC Davis,0.9639556402091516
Gonzaga,UCLA,0.5237029974637566
Gonzaga,UNC Wilmington,0.8252889587720432
Gonzaga,USC,0.7217623499912709
Gonzaga,VA Commonwealth,0.7383718990658352
Gonzaga,Vanderbilt,0.8099695394376226
Gonzaga,Vermont,0.8925175656961764
Gonzaga,Villanova,0.383201200028656
Gonzaga,Virginia,0.5269687164732468
Gonzaga,Virginia Tech,0.7572309012433267
Gonzaga,Wake Forest,0.7911538346205261
Gonzaga,West Virginia,0.43923166634207667
Gonzaga,Wichita St,0.5772703329302991
Gonzaga,Winthrop,0.9516554722371605
Gonzaga,Wisconsin,0.6319803088906439
Gonzaga,Xavier,0.6824107065650351
Iona,Iowa St,0.11392087330690315
Iona,Jacksonville St,0.7689750746628453
Iona,Kansas,0.06255770871234045
Iona,Kansas St,0.20549289043994212
Iona,Kent,0.4131469287603877
Iona,Kentucky,0.0610238849071254
Iona,Louisville,0.09563885564916963
Iona,Marquette,0.1756580553390853
Iona,Maryland,0.19872077892140416
Iona,Miami FL,0.16564913744850784
Iona,Michigan,0.1530046086847291
Iona,Michigan St,0.23250064296551198
Iona,Minnesota,0.2540359871088572
Iona,Mt St Mary's,0.8594697103761613
Iona,MTSU,0.24505144796345557
Iona,N Kentucky,0.5878028113099953
Iona,NC Central,0.7928814290022476
Iona,Nevada,0.23966071708445102
Iona,New Mexico St,0.41636800469887736
Iona,New Orleans,0.8200853317665748
Iona,North Carolina,0.07008370543863074
Iona,North Dakota,0.7166184884882507
Iona,Northwestern,0.20801265530369384
Iona,Notre Dame,0.07298523250959132
Iona,Oklahoma St,0.16635348405863326
Iona,Oregon,0.09752207711446348
Iona,Princeton,0.41882548241761675
Iona,Providence,0.22912818199974505
Iona,Purdue,0.14024157828560802
Iona,Rhode Island,0.1912172449063817
Iona,S Dakota St,0.5998543101756952
Iona,Seton Hall,0.15123190825990573
Iona,SMU,0.11089127659393294
Iona,South Carolina,0.22410841764772382
Iona,St Mary's CA,0.15074781085371003
Iona,Troy,0.6997011441484953
Iona,TX Southern,0.7212849885641948
Iona,UC Davis,0.7139626010499982
Iona,UCLA,0.09307081154909302
Iona,UNC Wilmington,0.30597879654501403
Iona,USC,0.194917785953853
Iona,VA Commonwealth,0.20848804622596417
Iona,Vanderbilt,0.28459644454447963
Iona,Vermont,0.43662565756409444
Iona,Villanova,0.05480708548752311
Iona,Virginia,0.09418218048115334
Iona,Virginia Tech,0.22547696127871497
Iona,Wake Forest,0.2612093562169324
Iona,West Virginia,0.06812415472999844
Iona,Wichita St,0.11304491909369851
Iona,Winthrop,0.6475445053458636
Iona,Wisconsin,0.1381352503084795
Iona,Xavier,0.16704530365733927
Iowa St,Jacksonville St,0.9610053878066203
Iowa St,Kansas,0.33069526743217326
Iowa St,Kansas St,0.656945803112097
Iowa St,Kent,0.8390332323280405
Iowa St,Kentucky,0.324865403231401
Iowa St,Louisville,0.4391466573712257
Iowa St,Marquette,0.6120594686451422
Iowa St,Maryland,0.6474193454490409
Iowa St,Miami FL,0.595136661319513
Iowa St,Michigan,0.5721910857172685
Iowa St,Michigan St,0.6916360052100998
Iowa St,Minnesota,0.7160236338267665
Iowa St,Mt St Mary's,0.9783934654504816
Iowa St,MTSU,0.7061674107481802
Iowa St,N Kentucky,0.9134821643986434
Iowa St,NC Central,0.9659211691576767
Iowa St,Nevada,0.7000388912715705
Iowa St,New Mexico St,0.8408173855097738
Iowa St,New Orleans,0.9712221519558748
Iowa St,North Carolina,0.3581550711031559
Iowa St,North Dakota,0.9492987551415989
Iowa St,Northwestern,0.6603999614856891
Iowa St,Notre Dame,0.3682599802468124
Iowa St,Oklahoma St,0.5963619097574042
Iowa St,Oregon,0.44446955221288265
Iowa St,Princeton,0.8421651384638599
Iowa St,Providence,0.6875699715767483
Iowa St,Purdue,0.5470450854278539
Iowa St,Rhode Island,0.636430193627674
Iowa St,S Dakota St,0.9173505631387384
Iowa St,Seton Hall,0.5688233491374237
Iowa St,SMU,0.48009908954840463
Iowa St,South Carolina,0.6813842855277682
Iowa St,St Mary's CA,0.5678969088413177
Iowa St,Troy,0.945209963256211
Iowa St,TX Southern,0.950398868413915
Iowa St,UC Davis,0.9486673686669226
Iowa St,UCLA,0.43175848071280387
Iowa St,UNC Wilmington,0.7654934021309185
Iowa St,USC,0.6419084553773764
Iowa St,VA Commonwealth,0.6610462866776035
Iowa St,Vanderbilt,0.7465410964742905
Iowa St,Vermont,0.8515936647164484
Iowa St,Villanova,0.30036802201115165
Iowa St,Virginia,0.43497445708506044
Iowa St,Virginia Tech,0.683086830288593
Iowa St,Wake Forest,0.7235883094848441
Iowa St,West Virginia,0.351182790428502
Iowa St,Wichita St,0.4855076835178791
Iowa St,Winthrop,0.9315206899943476
Iowa St,Wisconsin,0.5426854697230531
Iowa St,Xavier,0.5975601680265088
Jacksonville St,Kansas,0.019622576727020724
Jacksonville St,Kansas St,0.0719909135543837
Jacksonville St,Kent,0.17434192025398398
Jacksonville St,Kentucky,0.019119988842293933
Jacksonville St,Louisville,0.030743797311943655
Jacksonville St,Marquette,0.06007324955340432
Jacksonville St,Maryland,0.06923502827489947
Jacksonville St,Miami FL,0.056201289739646776
Jacksonville St,Michigan,0.051396621870717474
Jacksonville St,Michigan St,0.0832920548382462
Jacksonville St,Minnesota,0.092675792460303
Jacksonville St,Mt St Mary's,0.6471879839907573
Jacksonville St,MTSU,0.08871937920703032
Jacksonville St,N Kentucky,0.2995794195340058
Jacksonville St,NC Central,0.5344929094964401
Jacksonville St,Nevada,0.08637423376223019
Jacksonville St,New Mexico St,0.1762603642743359
Jacksonville St,New Orleans,0.57755260734035
Jacksonville St,North Carolina,0.022105067057145766
Jacksonville St,North Dakota,0.4313263806362043
Jacksonville St,Northwestern,0.07302412946909476
Jacksonville St,Notre Dame,0.02306951417068559
Jacksonville St,Oklahoma St,0.05647175811773686
Jacksonville St,Oregon,0.03139353088998842
Jacksonville St,Princeton,0.17773224831807988
Jacksonville St,Providence,0.08185306950415416
Jacksonville St,Purdue,0.04664257805979355
Jacksonville St,Rhode Island,0.06621672651877442
Jacksonville St,S Dakota St,0.31016821208933865
Jacksonville St,Seton Hall,0.05073063474696948
Jacksonville St,SMU,0.03605945853603976
Jacksonville St,South Carolina,0.07972612654337652
Jacksonville St,St Mary's CA,0.05054908507769529
Jacksonville St,Troy,0.4113672821163624
Jacksonville St,TX Southern,0.4369999628578992
Jacksonville St,UC Davis,0.42813041681112696
Jacksonville St,UCLA,0.029860745241546582
Jacksonville St,UNC Wilmington,0.11679079693989425
Jacksonville St,USC,0.0677006824727916
Jacksonville St,VA Commonwealth,0.0732195395235462
Jacksonville St,Vanderbilt,0.10659858831574254
Jacksonville St,Vermont,0.18861125708828796
Jacksonville St,Villanova,0.017094424800412455
Jacksonville St,Virginia,0.03024248525740003
Jacksonville St,Virginia Tech,0.08030423721752
Jacksonville St,Wake Forest,0.09587837045360859
Jacksonville St,West Virginia,0.021456053801049757
Jacksonville St,Wichita St,0.03681996214295147
Jacksonville St,Winthrop,0.3552758664889296
Jacksonville St,Wisconsin,0.0458670428291974
Jacksonville St,Xavier,0.056737710178550116
Kansas,Kansas St,0.7973797007939335
Kansas,Kent,0.9146152913008005
Kansas,Kentucky,0.4971957784227188
Kansas,Louisville,0.616722074488026
Kansas,Marquette,0.7642749472072532
Kansas,Maryland,0.7905094427870714
Kansas,Miami FL,0.751294005062212
Kansas,Michigan,0.7332315485789698
Kansas,Michigan St,0.8217227376232434
Kansas,Minnesota,0.8382285520687447
Kansas,Mt St Mary's,0.9893680230805157
Kansas,MTSU,0.831616358604335
Kansas,N Kentucky,0.9559422985886992
Kansas,NC Central,0.9831214644287861
Kansas,Nevada,0.8274650692398459
Kansas,New Mexico St,0.9156459192077071
Kansas,New Orleans,0.9857863015594421
Kansas,North Carolina,0.5341725029484184
Kansas,North Dakota,0.9746687093754984
Kansas,Northwestern,0.7998506528909206
Kansas,Notre Dame,0.5450265207423982
Kansas,Oklahoma St,0.7522434077411607
Kansas,Oregon,0.6218110315684902
Kansas,Princeton,0.9164230954607218
Kansas,Providence,0.8189229222999775
Kansas,Purdue,0.7128001445254639
Kansas,Rhode Island,0.7824816979733318
Kansas,S Dakota St,0.9579995026542777
Kansas,Seton Hall,0.7305345167136899
Kansas,SMU,0.6548977574505604
Kansas,South Carolina,0.8146367417331648
Kansas,St Mary's CA,0.7297904805683819
Kansas,Troy,0.9725667475373597
Kansas,TX Southern,0.9752327085228378
Kansas,UC Davis,0.9743447186022581
Kansas,UCLA,0.6095935239365297
Kansas,UNC Wilmington,0.870266934611046
Kansas,USC,0.7864975253730454
Kansas,VA Commonwealth,0.8003118269769004
Kansas,Vanderbilt,0.8582138155390403
Kansas,Vermont,0.921827456826551
Kansas,Villanova,0.4687254144417946
Kansas,Virginia,0.6127058505919758
Kansas,Virginia Tech,0.8158197105124408
Kansas,Wake Forest,0.843250533122025
Kansas,West Virginia,0.5265848922925848
Kansas,Wichita St,0.6597765499937608
Kansas,Winthrop,0.9654628098209157
Kansas,Wisconsin,0.7091877888496277
Kansas,Xavier,0.7531704406197874
Kansas St,Kent,0.7276758039941696
Kansas St,Kentucky,0.1978651285120736
Kansas St,Louisville,0.2864239355084779
Kansas St,Marquette,0.4471450525479438
Kansas St,Maryland,0.48488580789584945
Kansas St,Miami FL,0.42973105460437877
Kansas St,Michigan,0.40675567177266203
Kansas St,Michigan St,0.5348406742553595
Kansas St,Minnesota,0.5638082190490951
Kansas St,Mt St Mary's,0.958700411731759
Kansas St,MTSU,0.5519746095271717
Kansas St,N Kentucky,0.844056181598057
Kansas St,NC Central,0.9356085201938048
Kansas St,Nevada,0.5447035735804004
Kansas St,New Mexico St,0.7302974875454233
Kansas St,New Orleans,0.94535791821239
Kansas St,North Carolina,0.22242836314831926
Kansas St,North Dakota,0.9056449958255139
Kansas St,Northwestern,0.4992217690397075
Kansas St,Notre Dame,0.23007658735687353
Kansas St,Oklahoma St,0.4309782683903045
Kansas St,Oregon,0.2908556765610606
Kansas St,Princeton,0.7322830400108351
Kansas St,Providence,0.5301117801419339
Kansas St,Purdue,0.38238168120016447
Kansas St,Rhode Island,0.4729547748588512
Kansas St,S Dakota St,0.8505208069588965
Kansas St,Seton Hall,0.4034433915594484
Kansas St,SMU,0.32129306725722984
Kansas St,South Carolina,0.5229714948043791
Kansas St,St Mary's CA,0.40253484364198744
Kansas St,Troy,0.8984124896748577
Kansas St,TX Southern,0.9076001110141092
Kansas St,UC Davis,0.904524660476157
Kansas St,UCLA,0.2803209421124342
Kansas St,UNC Wilmington,0.6259420025653919
Kansas St,USC,0.47887933141863004
Kansas St,VA Commonwealth,0.49994257280312226
Kansas St,Vanderbilt,0.601581476358509
Kansas St,Vermont,0.7462981565307083
Kansas St,Villanova,0.18038577793339616
Kansas St,Virginia,0.2829706400897295
Kansas St,Virginia Tech,0.5249303459983075
Kansas St,Wake Forest,0.5730096632495848
Kansas St,West Virginia,0.2172041598245006
Kansas St,Wichita St,0.3260345436882174
Kansas St,Winthrop,0.8745823108289011
Kansas St,Wisconsin,0.3782385281900361
Kansas St,Xavier,0.43220004078361085
Kent,Kentucky,0.08468156254601844
Kent,Louisville,0.13084602728962147
Kent,Marquette,0.23274145760254672
Kent,Maryland,0.26092658318697604
Kent,Miami FL,0.22034938026786643
Kent,Michigan,0.20455307702854109
Kent,Michigan St,0.3013044086462968
Kent,Minnesota,0.3265015833341468
Kent,Mt St Mary's,0.8969737795249755
Kent,MTSU,0.3160399564213271
Kent,N Kentucky,0.6699679848717659
Kent,NC Central,0.8449503953223589
Kent,Nevada,0.30972827563646455
Kent,New Mexico St,0.5038622807604305
Kent,New Orleans,0.8664671055885008
Kent,North Carolina,0.09689125695828105
Kent,North Dakota,0.7826029529487041
Kent,Northwestern,0.2721392401165891
Kent,Notre Dame,0.1007823563857404
Kent,Oklahoma St,0.22122464482679993
Kent,Oregon,0.13332031158038804
Kent,Princeton,0.5063881050811341
Kent,Providence,0.2973205553224889
Kent,Purdue,0.1884467735440386
Kent,Rhode Island,0.25181236234583215
Kent,S Dakota St,0.6809212401012711
Kent,Seton Hall,0.20232580454545035
Kent,SMU,0.15077714954358146
Kent,South Carolina,0.29137150934766665
Kent,St Mary's CA,0.20171702396239288
Kent,Troy,0.7683514183780764
Kent,TX Southern,0.7865065849971544
Kent,UC Davis,0.7803759529933713
Kent,UCLA,0.1274658638880225
Kent,UNC Wilmington,0.38560224767662776
Kent,USC,0.2563139387540443
Kent,VA Commonwealth,0.27271072138726093
Kent,Vanderbilt,0.36155438325544387
Kent,Vermont,0.5245508581106441
Kent,Villanova,0.07625035670235236
Kent,Virginia,0.1289295604771331
Kent,Virginia Tech,0.29299569354551647
Kent,Wake Forest,0.3348028094859272
Kent,West Virginia,0.09425813832354324
Kent,Wichita St,0.1535716253003947
Kent,Winthrop,0.7234047703143075
Kent,Wisconsin,0.18577287849099267
Kent,Xavier,0.22208386776626776
Kentucky,Louisville,0.6310226571113557
Kentucky,Marquette,0.7750779905258445
Kentucky,Maryland,0.8004241433629322
Kentucky,Miami FL,0.7625070899850103
Kentucky,Michigan,0.744982568155728
Kentucky,Michigan St,0.8304769791804025
Kentucky,Minnesota,0.8463238610463003
Kentucky,Mt St Mary's,0.9899903806429267
Kentucky,MTSU,0.839979385554313
Kentucky,N Kentucky,0.9584390845986805
Kentucky,NC Central,0.9841035979952248
Kentucky,Nevada,0.8359936146350266
Kentucky,New Mexico St,0.9202357871150741
Kentucky,New Orleans,0.9866154838067728
Kentucky,North Carolina,0.5493022429269874
Kentucky,North Dakota,0.9761307528413572
Kentucky,Northwestern,0.8094298333809068
Kentucky,Notre Dame,0.5600940488925275
Kentucky,Oklahoma St,0.7634271667592415
Kentucky,Oregon,0.6360337961191558
Kentucky,Princeton,0.9209743253877538
Kentucky,Providence,0.8277858343253774
Kentucky,Purdue,0.7251137527120167
Kentucky,Rhode Island,0.7926766893445214
Kentucky,S Dakota St,0.9603845365914063
Kentucky,Seton Hall,0.7423625951389419
Kentucky,SMU,0.6685394992223408
Kentucky,South Carolina,0.823664269916753
Kentucky,St Mary's CA,0.7416396679413949
Kentucky,Troy,0.9741468917345331
Kentucky,TX Southern,0.9766629791254563
Kentucky,UC Davis,0.9758249979945371
Kentucky,UCLA,0.6239979224503895
Kentucky,UNC Wilmington,0.8769942594969633
Kentucky,USC,0.796553234205842
Kentucky,VA Commonwealth,0.809874182118892
Kentucky,Vanderbilt,0.8654695381896673
Kentucky,Vermont,0.9261081184933959
Kentucky,Villanova,0.4839271798920456
Kentucky,Virginia,0.6270656684635914
Kentucky,Virginia Tech,0.8248020163130256
Kentucky,Wake Forest,0.8511391636868617
Kentucky,West Virginia,0.5417496589063178
Kentucky,Wichita St,0.6733216365863359
Kentucky,Winthrop,0.9674384384554526
Kentucky,Wisconsin,0.7215957834715399
Kentucky,Xavier,0.7643254635554722
Louisville,Marquette,0.6629470376126512
Louisville,Maryland,0.6959725986651795
Louisville,Miami FL,0.6469636591078995
Louisville,Michigan,0.625105083372602
Louisville,Michigan St,0.7365777547706991
Louisville,Minnesota,0.7586513583657356
Louisville,Mt St Mary's,0.982594217362559
Louisville,MTSU,0.7497575784399718
Louisville,N Kentucky,0.929392245900054
Louisville,NC Central,0.9724785807602906
Louisville,Nevada,0.7442089041014955
Louisville,New Mexico St,0.8681615003596685
Louisville,New Orleans,0.9767840701482976
Louisville,North Carolina,0.4102570035317106
Louisville,North Dakota,0.9589186002355755
Louisville,Northwestern,0.7079719723159554
Louisville,Notre Dame,0.4208680075557184
Louisville,Oklahoma St,0.6481247971645886
Louisville,Oregon,0.4993589432511961
Louisville,Princeton,0.869313722421006
Louisville,Providence,0.7328754427362574
Louisville,Purdue,0.6008999390026669
Louisville,Rhode Island,0.685762235002665
Louisville,S Dakota St,0.9326017569996714
Louisville,Seton Hall,0.6218786251151915
Louisville,SMU,0.5351499032456131
Louisville,South Carolina,0.7272308952835367
Louisville,St Mary's CA,0.6209902248298587
Louisville,Troy,0.9555692889792132
Louisville,TX Southern,0.9598188175549628
Louisville,UC Davis,0.9584017609407948
Louisville,UCLA,0.48645268111481577
Louisville,UNC Wilmington,0.8027409959268448
Louisville,USC,0.690858232286607
Louisville,VA Commonwealth,0.7085677131615706
Louisville,Vanderbilt,0.7859572450993575
Louisville,Vermont,0.8773566586161153
Louisville,Villanova,0.3486296135104171
Louisville,Virginia,0.48972494882990947
Louisville,Virginia Tech,0.7287859676877586
Louisville,Wake Forest,0.7654524661602546
Louisville,West Virginia,0.40290713995981475
Louisville,Wichita St,0.5405338845583402
Louisville,Winthrop,0.9443158095958125
Louisville,Wisconsin,0.5966765044404697
Louisville,Xavier,0.6492597656547938
Marquette,Maryland,0.5409414297618762
Marquette,Miami FL,0.48541910333687877
Marquette,Michigan,0.46187781745905865
Marquette,Michigan St,0.5900561037098457
Marquette,Minnesota,0.6180407679274952
Marquette,Mt St Mary's,0.9667322945505253
Marquette,MTSU,0.6066519856471533
Marquette,N Kentucky,0.8713929790749961
Marquette,NC Central,0.9478871657749746
Marquette,Nevada,0.599624663065623
Marquette,New Mexico St,0.7721938935978836
Marquette,New Orleans,0.955865173653938
Marquette,North Carolina,0.26367345053189284
Marquette,North Dakota,0.9231681040821361
Marquette,Northwestern,0.555148584860206
Marquette,Notre Dame,0.2722433456403268
Marquette,Oklahoma St,0.4866900048451408
Marquette,Oregon,0.3392533117398022
Marquette,Princeton,0.7739664697690275
Marquette,Providence,0.5854534616179861
Marquette,Purdue,0.4366318360083431
Marquette,Rhode Island,0.529047705834487
Marquette,S Dakota St,0.8768896517832824
Marquette,Seton Hall,0.4584635575040342
Marquette,SMU,0.37209788554347434
Marquette,South Carolina,0.5784854522339651
Marquette,St Mary's CA,0.45752613302534706
Marquette,Troy,0.9171559124778673
Marquette,TX Southern,0.9247902789816196
Marquette,UC Davis,0.922237966405373
Marquette,UCLA,0.32777586247352564
Marquette,UNC Wilmington,0.6768767245238957
Marquette,USC,0.5349617081104754
Marquette,VA Commonwealth,0.555860506638179
Marquette,Vanderbilt,0.6539997244568698
Marquette,Vermont,0.7864358430478576
Marquette,Villanova,0.21600050957807426
Marquette,Virginia,0.3306680232610204
Marquette,Virginia Tech,0.5803992447019481
Marquette,Wake Forest,0.6268553334339597
Marquette,West Virginia,0.2578016978441944
Marquette,Wichita St,0.3771724598236792
Marquette,Winthrop,0.8972195220970931
Marquette,Wisconsin,0.4323123213362997
Marquette,Xavier,0.4879342836579802
Maryland,Miami FL,0.4468007221044238
Maryland,Michigan,0.42359060454514563
Maryland,Michigan St,0.5520437745777295
Maryland,Minnesota,0.5807797256846077
Maryland,Mt St Mary's,0.9613602999062641
Maryland,MTSU,0.5690546167952315
Maryland,N Kentucky,0.85296729595448
Maryland,NC Central,0.9396620330846454
Maryland,Nevada,0.5618407370606919
Maryland,New Mexico St,0.7437354980355897
Maryland,New Orleans,0.9488312613893463
Maryland,North Carolina,0.2346518724609995
Maryland,North Dakota,0.9114061348932788
Maryland,Northwestern,0.5165514472003772
Maryland,Notre Dame,0.24258927477359027
Maryland,Oklahoma St,0.4480585527882779
Maryland,Oregon,0.30536283249454366
Maryland,Princeton,0.745656574724366
Maryland,Providence,0.5473417536478928
Maryland,Purdue,0.3988861122579431
Maryland,Rhode Island,0.49026531110943095
Maryland,S Dakota St,0.8591241681094564
Maryland,Seton Hall,0.4202383452914381
Maryland,SMU,0.33659777346551445
Maryland,South Carolina,0.5402362131152574
Maryland,St Mary's CA,0.41931856040090165
Maryland,Troy,0.9045686985311339
Maryland,TX Southern,0.9132533087554842
Maryland,UC Davis,0.910347433436556
Maryland,UCLA,0.29452087941346927
Maryland,UNC Wilmington,0.6420309024656122
Maryland,USC,0.496202557353293
Maryland,VA Commonwealth,0.5172714268761448
Maryland,Vanderbilt,0.6180788526119059
Maryland,Vermont,0.7592017990970941
Maryland,Villanova,0.19086597563330643
Maryland,Virginia,0.29724936226243936
Maryland,Virginia Tech,0.5421862313847802
Maryland,Wake Forest,0.5898835769902993
Maryland,West Virginia,0.2292252085829658
Maryland,Wichita St,0.3414514811805882
Maryland,Winthrop,0.8819929450717515
Maryland,Wisconsin,0.39467840837699586
Maryland,Xavier,0.44929051364243566
Miami FL,Michigan,0.46668471231347386
Miami FL,Michigan St,0.5947226876706999
Miami FL,Minnesota,0.6225925460215336
Miami FL,Mt St Mary's,0.9673482734869019
Miami FL,MTSU,0.6112541159587124
Miami FL,N Kentucky,0.873543329718347
Miami FL,NC Central,0.9488336097404467
Miami FL,Nevada,0.6042553774400136
Miami FL,New Mexico St,0.7755757075542108
Miami FL,New Orleans,0.9566733483535806
Miami FL,North Carolina,0.26744275703480136
Miami FL,North Dakota,0.9245277369295567
Miami FL,Northwestern,0.5599161664781132
Miami FL,Notre Dame,0.27608922624881105
Miami FL,Oklahoma St,0.4915192629434566
Miami FL,Oregon,0.3435988831565536
Miami FL,Princeton,0.7773295575482926
Miami FL,Providence,0.5901360457424298
Miami FL,Purdue,0.4413915013867401
Miami FL,Rhode Island,0.5338601373672976
Miami FL,S Dakota St,0.8789608623371495
Miami FL,Seton Hall,0.46326550943677647
Miami FL,SMU,0.3766243645507644
Miami FL,South Carolina,0.583190708888015
Miami FL,St Mary's CA,0.4623266488058724
Miami FL,Troy,0.9186125585777288
Miami FL,TX Southern,0.9261235027159452
Miami FL,UC Davis,0.9236126971876287
Miami FL,UCLA,0.33204829796508517
Miami FL,UNC Wilmington,0.6810891512384758
Miami FL,USC,0.5397662791281723
Miami FL,VA Commonwealth,0.560626497068806
Miami FL,Vanderbilt,0.65835985951077
Miami FL,Vermont,0.7896638224924994
Miami FL,Villanova,0.21929127777598179
Miami FL,Virginia,0.33495937251144703
Miami FL,Virginia Tech,0.5850984602877807
Miami FL,Wake Forest,0.6313647224602071
Miami FL,West Virginia,0.2615168776030341
Miami FL,Wichita St,0.38172314142591335
Miami FL,Winthrop,0.8989881021798982
Miami FL,Wisconsin,0.43706142996605746
Miami FL,Xavier,0.49276403594452445
Michigan,Michigan St,0.6268968982491567
Michigan,Minnesota,0.6538420257673419
Michigan,Mt St Mary's,0.9713647754855413
Michigan,MTSU,0.6429039459636205
Michigan,N Kentucky,0.8877599637579112
Michigan,NC Central,0.9550217124132702
Michigan,Nevada,0.6361358213978384
Michigan,New Mexico St,0.7982626065220852
Michigan,New Orleans,0.9619513280158254
Michigan,North Carolina,0.2947900174343685
Michigan,North Dakota,0.933449230384292
Michigan,Northwestern,0.59296240721405
Michigan,Notre Dame,0.3039537788067439
Michigan,Oklahoma St,0.5253476079092326
Michigan,Oregon,0.3747497510363187
Michigan,Princeton,0.799884907039269
Michigan,Providence,0.6224432183340443
Michigan,Purdue,0.4749926326179318
Michigan,Rhode Island,0.5673511000758227
Michigan,S Dakota St,0.8926432929249007
Michigan,Seton Hall,0.49705014139202675
Michigan,SMU,0.4089041652712888
Michigan,South Carolina,0.6156888220621262
Michigan,St Mary's CA,0.49610609800839844
Michigan,Troy,0.9281789600276729
Michigan,TX Southern,0.9348696511561702
Michigan,UC Davis,0.932634475004629
Michigan,UCLA,0.3627306618053653
Michigan,UNC Wilmington,0.7097531040691227
Michigan,USC,0.5731721667039783
Michigan,VA Commonwealth,0.5936581078618723
Michigan,Vanderbilt,0.6881312886964207
Michigan,Vermont,0.8112731149702692
Michigan,Villanova,0.24335044942269102
Michigan,Virginia,0.3657634315454449
Michigan,Virginia Tech,0.6175453749442216
Michigan,Wake Forest,0.6622818571766041
Michigan,West Virginia,0.2884968250078511
Michigan,Wichita St,0.41414961654228555
Michigan,Winthrop,0.9106367955075314
Michigan,Wisconsin,0.470610634633592
Michigan,Xavier,0.5265893299218236
Michigan St,Minnesota,0.5227688591723815
Michigan St,Mt St Mary's,0.9516270496308439
Michigan St,MTSU,0.5107879419636527
Michigan St,N Kentucky,0.8210135601526971
Michigan St,NC Central,0.9248900719688196
Michigan St,Nevada,0.5034497890676721
Michigan St,New Mexico St,0.696489972401344
Michigan St,New Orleans,0.9361515825807324
Michigan St,North Carolina,0.19512221076441016
Michigan St,North Dakota,0.8905225084689077
Michigan St,Northwestern,0.4579479241872849
Michigan St,Notre Dame,0.20207551796200507
Michigan St,Oklahoma St,0.3909419178563548
Michigan St,Oregon,0.257935702694705
Michigan St,Princeton,0.6986217039717035
Michigan St,Providence,0.4887767299089433
Michigan St,Purdue,0.3441295587451607
Michigan St,Rhode Island,0.4319792814583323
Michigan St,S Dakota St,0.8282390297334917
Michigan St,Seton Hall,0.36432719318875306
Michigan St,SMU,0.28631902124392394
Michigan St,South Carolina,0.4816225408841498
Michigan St,St Mary's CA,0.3634530659225911
Michigan St,Troy,0.8822815048336492
Michigan St,TX Southern,0.8927538674703486
Michigan St,UC Davis,0.8892445735098752
Michigan St,UCLA,0.24817604006142835
Michigan St,UNC Wilmington,0.5864607189637253
Michigan St,USC,0.4378169389546962
Michigan St,VA Commonwealth,0.4586637162535777
Michigan St,Vanderbilt,0.5613309208376848
Michigan St,Vermont,0.7137100716172011
Michigan St,Villanova,0.15719749932879734
Michigan St,Virginia,0.2506277064538298
Michigan St,Virginia Tech,0.48358352030199825
Michigan St,Wake Forest,0.5321175967418081
Michigan St,West Virginia,0.1903823226944822
Michigan St,Wichita St,0.29076548408905334
Michigan St,Winthrop,0.8552769052217587
Michigan St,Wisconsin,0.3401725918556864
Michigan St,Xavier,0.39212840672107374
Minnesota,Mt St Mary's,0.9464076138266182
Minnesota,MTSU,0.4838037662646675
Minnesota,N Kentucky,0.804594809238322
Minnesota,NC Central,0.9170372261669562
Minnesota,Nevada,0.4764757059714133
Minnesota,New Mexico St,0.6731952859844693
Minnesota,New Orleans,0.9293862502015133
Minnesota,North Carolina,0.17872195545942338
Minnesota,North Dakota,0.8795444537703525
Minnesota,Northwestern,0.43129422956131036
Minnesota,Notre Dame,0.18522532374198553
Minnesota,Oklahoma St,0.3655580487694866
Minnesota,Oregon,0.23781583741618728
Minnesota,Princeton,0.6754143816002646
Minnesota,Providence,0.4618575737444609
Minnesota,Purdue,0.3201873103238987
Minnesota,Rhode Island,0.4057057700464539
Minnesota,S Dakota St,0.8123315792672383
Minnesota,Seton Hall,0.339707558658048
Minnesota,SMU,0.2647751335779511
Minnesota,South Carolina,0.45474691258766387
Minnesota,St Mary's CA,0.33886101253119805
Minnesota,Troy,0.8705971509632915
Minnesota,TX Southern,0.8819699099968635
Minnesota,UC Davis,0.8781559050685623
Minnesota,UCLA,0.2285829575296735
Minnesota,UNC Wilmington,0.5600554523961856
Minnesota,USC,0.4114455568856902
Minnesota,VA Commonwealth,0.4320015634020836
Minnesota,Vanderbilt,0.5345944414285879
Minnesota,Vermont,0.6911509725454916
Minnesota,Villanova,0.14341687687671845
Minnesota,Virginia,0.23090051365298547
Minnesota,Virginia Tech,0.4566948710955654
Minnesota,Wake Forest,0.5051701777765722
Minnesota,West Virginia,0.1742941896296123
Minnesota,Wichita St,0.26901313766660395
Minnesota,Winthrop,0.8413940109726851
Minnesota,Wisconsin,0.31637284643681785
Minnesota,Xavier,0.36671388391581683
Mt St Mary's,MTSU,0.05012075480123157
Mt St Mary's,N Kentucky,0.18818781040864507
Mt St Mary's,NC Central,0.38359048528765083
Mt St Mary's,Nevada,0.04874132634233519
Mt St Mary's,New Mexico St,0.10391896882377472
Mt St Mary's,New Orleans,0.4256082022746073
Mt St Mary's,North Carolina,0.012103030803320203
Mt St Mary's,North Dakota,0.291322690200987
Mt St Mary's,Northwestern,0.04094711965470632
Mt St Mary's,Notre Dame,0.01263672689940798
Mt St Mary's,Oklahoma St,0.031419198762914435
Mt St Mary's,Oregon,0.017262870339054825
Mt St Mary's,Princeton,0.10486365963966204
Mt St Mary's,Providence,0.04609063997501406
Mt St Mary's,Purdue,0.025831157931120785
Mt St Mary's,Rhode Island,0.03701058707657556
Mt St Mary's,S Dakota St,0.1959408278639626
Mt St Mary's,Seton Hall,0.02814902457845614
Mt St Mary's,SMU,0.019871686840618907
Mt St Mary's,South Carolina,0.044847588264187666
Mt St Mary's,St Mary's CA,0.028045900102463106
Mt St Mary's,Troy,0.27471248426861783
Mt St Mary's,TX Southern,0.2961136197234737
Mt St Mary's,UC Davis,0.2886375678871026
Mt St Mary's,UCLA,0.01640832514505164
Mt St Mary's,UNC Wilmington,0.06687556194272026
Mt St Mary's,USC,0.03786655841171516
Mt St Mary's,VA Commonwealth,0.04106049489395325
Mt St Mary's,Vanderbilt,0.06073982970264358
Mt St Mary's,Vermont,0.11188930500694239
Mt St Mary's,Villanova,0.009337939787916194
Mt St Mary's,Virginia,0.01662103570876261
Mt St Mary's,Virginia Tech,0.04518520531429071
Mt St Mary's,Wake Forest,0.05435088855359704
Mt St Mary's,West Virginia,0.011744154381050476
Mt St Mary's,Wichita St,0.020297975072864127
Mt St Mary's,Winthrop,0.22997451995154072
Mt St Mary's,Wisconsin,0.025392441664883192
Mt St Mary's,Xavier,0.03157111437904214
MTSU,N Kentucky,0.8126658284283712
MTSU,NC Central,0.9209203893167969
MTSU,Nevada,0.4895004815297572
MTSU,New Mexico St,0.684565898462224
MTSU,New Orleans,0.932733801764065
MTSU,North Carolina,0.1865070847934598
MTSU,North Dakota,0.8849623650405196
MTSU,Northwestern,0.44413170717244277
MTSU,Notre Dame,0.19322708923184373
MTSU,Oklahoma St,0.3777385014904532
MTSU,Oregon,0.2473996723615528
MTSU,Princeton,0.6867437122044977
MTSU,Providence,0.47484519346336773
MTSU,Purdue,0.33164625573987405
MTSU,Rhode Island,0.4183418723885216
MTSU,S Dakota St,0.8201544677534832
MTSU,Seton Hall,0.3515038839214124
MTSU,SMU,0.27505334146724547
MTSU,South Carolina,0.46770836150662287
MTSU,St Mary's CA,0.35064355220461163
MTSU,Troy,0.8763609274322274
MTSU,TX Southern,0.8872927073900811
MTSU,UC Davis,0.8836280078297243
MTSU,UCLA,0.23791085518651212
MTSU,UNC Wilmington,0.5728649011060355
MTSU,USC,0.4241328459370053
MTSU,VA Commonwealth,0.4448436264577672
MTSU,Vanderbilt,0.547546318517829
MTSU,Vermont,0.7021732362012916
MTSU,Villanova,0.1499448970672772
MTSU,Virginia,0.24029352562646245
MTSU,Virginia Tech,0.4696640170655606
MTSU,Wake Forest,0.5182029261953395
MTSU,West Virginia,0.18192917071863934
MTSU,Wichita St,0.2793933421670898
MTSU,Winthrop,0.8482317796928392
MTSU,Wisconsin,0.32776109646365226
MTSU,Xavier,0.378909848235216
N Kentucky,NC Central,0.7254748989996544
N Kentucky,Nevada,0.17870602280086356
N Kentucky,New Mexico St,0.32997467048217677
N Kentucky,New Orleans,0.7588394342960914
N Kentucky,North Carolina,0.049453571140593344
N Kentucky,North Dakota,0.6357930899035773
N Kentucky,Northwestern,0.1534824155946548
N Kentucky,Notre Dame,0.05154833840628603
N Kentucky,Oklahoma St,0.12107461466442793
N Kentucky,Oregon,0.06941800486630545
N Kentucky,Princeton,0.3322124875054113
N Kentucky,Providence,0.17025247433785062
N Kentucky,Purdue,0.1012071272934707
N Kentucky,Rhode Island,0.1403098750579539
N Kentucky,S Dakota St,0.5085640688041854
N Kentucky,Seton Hall,0.1095281401733329
N Kentucky,SMU,0.07927286936760192
N Kentucky,South Carolina,0.166244398060844
N Kentucky,St Mary's CA,0.10916036882568259
N Kentucky,Troy,0.6166319091103011
N Kentucky,TX Southern,0.6411240213985886
N Kentucky,UC Davis,0.6327678815039701
N Kentucky,UCLA,0.06615547958613632
N Kentucky,UNC Wilmington,0.23333313356467555
N Kentucky,USC,0.143199661866378
N Kentucky,VA Commonwealth,0.1538573936376283
N Kentucky,Vanderbilt,0.21545141289674008
N Kentucky,Vermont,0.34853918570698905
N Kentucky,Villanova,0.03848772232605224
N Kentucky,Virginia,0.06696918218299697
N Kentucky,Virginia Tech,0.16733579580736024
N Kentucky,Wake Forest,0.19618818644426994
N Kentucky,West Virginia,0.048041042445185256
N Kentucky,Wichita St,0.0808682963350199
N Kentucky,Winthrop,0.5591380686076062
N Kentucky,Wisconsin,0.09961913847505122
N Kentucky,Xavier,0.12160559964027373
NC Central,Nevada,0.07573634986215283
NC Central,New Mexico St,0.15644774849295018
NC Central,New Orleans,0.5423302057488587
NC Central,North Carolina,0.019216115075238793
NC Central,North Dakota,0.39664858168867256
NC Central,Northwestern,0.06391542434608999
NC Central,Notre Dame,0.02005710206884892
NC Central,Oklahoma St,0.049317875631262886
NC Central,Oregon,0.027324572260570945
NC Central,Princeton,0.15778587604682648
NC Central,Providence,0.07172829762441102
NC Central,Purdue,0.04068017775278687
NC Central,Rhode Island,0.05790410544832203
NC Central,S Dakota St,0.2804278109707399
NC Central,Seton Hall,0.04426991775448563
NC Central,SMU,0.03140535080486195
NC Central,South Carolina,0.06984443211802194
NC Central,St Mary's CA,0.04411041466720833
NC Central,Troy,0.37722969604188994
NC Central,TX Southern,0.4021886228329661
NC Central,UC Davis,0.39353175389142225
NC Central,UCLA,0.02598512337387615
NC Central,UNC Wilmington,0.10282842207032117
NC Central,USC,0.05921358382651987
NC Central,VA Commonwealth,0.06408814499999482
NC Central,Vanderbilt,0.09372539084413567
NC Central,Vermont,0.1676929591954528
NC Central,Villanova,0.014850378298754352
NC Central,Virginia,0.02631866152786899
NC Central,Virginia Tech,0.07035636665301304
NC Central,Wake Forest,0.0841778016306357
NC Central,West Virginia,0.018650304866716705
NC Central,Wichita St,0.032070963767253935
NC Central,Winthrop,0.3232369739166029
NC Central,Wisconsin,0.03999962102198473
NC Central,Xavier,0.04955190606850779
Nevada,New Mexico St,0.6934364800749577
Nevada,New Orleans,0.9352851968292734
Nevada,North Carolina,0.19286998617332474
Nevada,North Dakota,0.8891103039893558
Nevada,Northwestern,0.45437460210358827
Nevada,Notre Dame,0.19976295351585327
Nevada,Oklahoma St,0.38751765333829336
Nevada,Oregon,0.2551883182787058
Nevada,Princeton,0.695580284371057
Nevada,Providence,0.4851781680881635
Nevada,Purdue,0.3408858330964024
Nevada,Rhode Island,0.4284484268642569
Nevada,S Dakota St,0.8261802192026911
Nevada,Seton Hall,0.36099787440042486
Nevada,SMU,0.2833847670954813
Nevada,South Carolina,0.4780273992697204
Nevada,St Mary's CA,0.3601272097022017
Nevada,Troy,0.8807772275999195
Nevada,TX Southern,0.8913669351672293
Nevada,UC Davis,0.8878179609470885
Nevada,UCLA,0.2454982186429241
Nevada,UNC Wilmington,0.5829630804430257
Nevada,USC,0.43427484939555194
Nevada,VA Commonwealth,0.45508949811555277
Nevada,Vanderbilt,0.5577810067037869
Nevada,Vermont,0.7107578778738427
Nevada,Villanova,0.155298563202382
Nevada,Virginia,0.24793215521775502
Nevada,Virginia Tech,0.4799872946206366
Nevada,Wake Forest,0.5285298372240803
Nevada,West Virginia,0.1881720180908225
Nevada,Wichita St,0.2878040378750911
Nevada,Winthrop,0.853484852582659
Nevada,Wisconsin,0.33694700268406996
Nevada,Xavier,0.3887003821994768
New Mexico St,New Orleans,0.8660978090141538
New Mexico St,North Carolina,0.09661264861902008
New Mexico St,North Dakota,0.782060060470814
New Mexico St,Northwestern,0.27150820816976295
New Mexico St,Notre Dame,0.10049380432292698
New Mexico St,Oklahoma St,0.22067587889624407
New Mexico St,Oregon,0.13295237345641442
New Mexico St,Princeton,0.5055912025586058
New Mexico St,Providence,0.2966549314368596
New Mexico St,Purdue,0.18795969184816674
New Mexico St,Rhode Island,0.25121219643344206
New Mexico St,S Dakota St,0.6802281772997067
New Mexico St,Seton Hall,0.2018117702310821
New Mexico St,SMU,0.15036939276102845
New Mexico St,South Carolina,0.2907136937379422
New Mexico St,St Mary's CA,0.20120414619885763
New Mexico St,Troy,0.7677834966369951
New Mexico St,TX Southern,0.785970774820003
New Mexico St,UC Davis,0.7798290637474328
New Mexico St,UCLA,0.12711171321175696
New Mexico St,UNC Wilmington,0.3848472283688368
New Mexico St,USC,0.25570671067777084
New Mexico St,VA Commonwealth,0.2720788596451771
New Mexico St,Vanderbilt,0.36081879778683534
New Mexico St,Vermont,0.5237557010720473
New Mexico St,Villanova,0.07602610430360035
New Mexico St,Virginia,0.12857194232312485
New Mexico St,Virginia Tech,0.29233572380222794
New Mexico St,Wake Forest,0.33409316949882917
New Mexico St,West Virginia,0.09398631348916209
New Mexico St,Wichita St,0.15315767418914994
New Mexico St,Winthrop,0.722766414636089
New Mexico St,Wisconsin,0.185291130102074
New Mexico St,Xavier,0.22153357676153496
New Orleans,North Carolina,0.016459873757105337
New Orleans,North Dakota,0.35960496089477045
New Orleans,Northwestern,0.05510803086123639
New Orleans,Notre Dame,0.01718234799686902
New Orleans,Oklahoma St,0.042430812098060766
New Orleans,Oregon,0.0234330910177033
New Orleans,Princeton,0.1379495904226944
New Orleans,Providence,0.0619155181149742
New Orleans,Purdue,0.03495498677844444
New Orleans,Rhode Island,0.049880917564545046
New Orleans,S Dakota St,0.24974541243651194
New Orleans,Seton Hall,0.038059562241803846
New Orleans,SMU,0.026948799538304202
New Orleans,South Carolina,0.060272640685118506
New Orleans,St Mary's CA,0.03792154703980555
New Orleans,Troy,0.34097472965973374
New Orleans,TX Southern,0.3649405571713792
New Orleans,UC Davis,0.356607174223209
New Orleans,UCLA,0.022280032768430713
New Orleans,UNC Wilmington,0.08916969558809773
New Orleans,USC,0.05101878059842835
New Orleans,VA Commonwealth,0.05525835599563644
New Orleans,Vanderbilt,0.08116643079646113
New Orleans,Vermont,0.14682832266731782
New Orleans,Villanova,0.012712215121780224
New Orleans,Virginia,0.02256711523092836
New Orleans,Virginia Tech,0.060718997218527915
New Orleans,Wake Forest,0.0727954314011563
New Orleans,West Virginia,0.015973898101160455
New Orleans,Wichita St,0.02752264311636876
New Orleans,Winthrop,0.28975680189714303
New Orleans,Wisconsin,0.034366778099331974
New Orleans,Xavier,0.04263362664049364
North Carolina,North Dakota,0.9702703570959299
North Carolina,Northwestern,0.7721927143557866
North Carolina,Notre Dame,0.5039919747478487
North Carolina,Oklahoma St,0.7203072309947315
North Carolina,Oregon,0.5823955502459104
North Carolina,Princeton,0.902918708823229
North Carolina,Providence,0.7932191653730468
North Carolina,Purdue,0.6779563167678571
North Carolina,Rhode Island,0.7531642975372996
North Carolina,S Dakota St,0.9508527683262925
North Carolina,Seton Hall,0.6969274474225484
North Carolina,SMU,0.6168055629629672
North Carolina,South Carolina,0.7884817125177538
North Carolina,St Mary's CA,0.6961292153663596
North Carolina,Troy,0.9678154766412139
North Carolina,TX Southern,0.9709293643569386
North Carolina,UC Davis,0.9698918485482639
North Carolina,UCLA,0.5697856956822807
North Carolina,UNC Wilmington,0.8505210908170371
North Carolina,USC,0.7575536783554145
North Carolina,VA Commonwealth,0.7726995063283602
North Carolina,Vanderbilt,0.8369770966085903
North Carolina,Vermont,0.9091097015711567
North Carolina,Villanova,0.42803105212126646
North Carolina,Virginia,0.572993075199989
North Carolina,Virginia Tech,0.7897885277169276
North Carolina,Wake Forest,0.8202420477362581
North Carolina,West Virginia,0.48545731805055836
North Carolina,Wichita St,0.621911974455523
North Carolina,Winthrop,0.959532374631362
North Carolina,Wisconsin,0.6741060744382581
North Carolina,Xavier,0.7213094890036476
North Dakota,Northwestern,0.09463657042224904
North Dakota,Notre Dame,0.030381808883092054
North Dakota,Oklahoma St,0.07357413465376073
North Dakota,Oregon,0.04123291161085485
North Dakota,Princeton,0.222883210532834
North Dakota,Providence,0.10578036726509843
North Dakota,Purdue,0.06096052925640738
North Dakota,Rhode Island,0.0860013480007924
North Dakota,S Dakota St,0.37367385419865295
North Dakota,Seton Hall,0.06621634213403094
North Dakota,SMU,0.047289839307797954
North Dakota,South Carolina,0.10310149410082603
North Dakota,St Mary's CA,0.06598322590430616
North Dakota,Troy,0.481141243590123
North Dakota,TX Southern,0.5073741059136864
North Dakota,UC Davis,0.49834051706996496
North Dakota,UCLA,0.03923918103166524
North Dakota,UNC Wilmington,0.14927068354050788
North Dakota,USC,0.0878869579509498
North Dakota,VA Commonwealth,0.0948838948052807
North Dakota,Vanderbilt,0.13668264566274546
North Dakota,Vermont,0.23573359841098418
North Dakota,Villanova,0.022556537062011217
North Dakota,Virginia,0.03973590431400398
North Dakota,Virginia Tech,0.1038299806004096
North Dakota,Wake Forest,0.12335471960978084
North Dakota,West Virginia,0.0282717334411573
North Dakota,Wichita St,0.04827533281614971
North Dakota,Winthrop,0.4223624406800536
North Dakota,Wisconsin,0.05996190003029678
North Dakota,Xavier,0.07391432024147893
Northwestern,Notre Dame,0.2287698826651967
Northwestern,Oklahoma St,0.4291665703559274
Northwestern,Oregon,0.28933350210644204
Northwestern,Princeton,0.7308315159912844
Northwestern,Providence,0.5282702375176576
Northwestern,Purdue,0.3806376150741575
Northwestern,Rhode Island,0.4711127148109798
Northwestern,S Dakota St,0.8495786670126673
Northwestern,Seton Hall,0.40166573638212855
Northwestern,SMU,0.3196834098260021
Northwestern,South Carolina,0.5211272473735579
Northwestern,St Mary's CA,0.400758502386651
Northwestern,Troy,0.8977359083776595
Northwestern,TX Southern,0.9069783843965072
Northwestern,UC Davis,0.9038844316969629
Northwestern,UCLA,0.2788322225323965
Northwestern,UNC Wilmington,0.6242097923455054
Northwestern,USC,0.47703508184411436
Northwestern,VA Commonwealth,0.49809473898369194
Northwestern,Vanderbilt,0.5998085803158855
Northwestern,Vermont,0.7448961487413827
Northwestern,Villanova,0.17929556804981794
Northwestern,Virginia,0.2814733522446271
Northwestern,Virginia Tech,0.523086765536739
Northwestern,Wake Forest,0.5712002510633903
Northwestern,West Virginia,0.21595005768661746
Northwestern,Wichita St,0.324412486083536
Northwestern,Winthrop,0.8737693181028404
Northwestern,Wisconsin,0.37650183946801563
Northwestern,Xavier,0.4303870914428626
Notre Dame,Oklahoma St,0.7167124543673471
Notre Dame,Oregon,0.5780665394520783
Notre Dame,Princeton,0.9013495225648372
Notre Dame,Providence,0.7902886651656885
Notre Dame,Purdue,0.6740635235872576
Notre Dame,Rhode Island,0.7498451596983421
Notre Dame,S Dakota St,0.9500154791804303
Notre Dame,Seton Hall,0.6931601844690037
Notre Dame,SMU,0.6125959801483642
Notre Dame,South Carolina,0.7855022284834421
Notre Dame,St Mary's CA,0.6923564101474124
Notre Dame,Troy,0.9672572188654897
Notre Dame,TX Southern,0.9704234680162348
Notre Dame,UC Davis,0.9693684666481412
Notre Dame,UCLA,0.565423507208809
Notre Dame,UNC Wilmington,0.8482473124422599
Notre Dame,USC,0.754274306740254
Notre Dame,VA Commonwealth,0.7695626827165973
Notre Dame,Vanderbilt,0.8345373757746495
Notre Dame,Vermont,0.907630347071036
Notre Dame,Villanova,0.423685333513511
Notre Dame,Virginia,0.5686387875307276
Notre Dame,Virginia Tech,0.7868224748334989
Notre Dame,Wake Forest,0.817606455960685
Notre Dame,West Virginia,0.48101888926064695
Notre Dame,Wichita St,0.6177237213271708
Notre Dame,Winthrop,0.9588365528454967
Notre Dame,Wisconsin,0.670189381476086
Notre Dame,Xavier,0.7177225458801987
Oklahoma St,Oregon,0.35302039306170097
Oklahoma St,Princeton,0.784431365539539
Oklahoma St,Providence,0.6001370021387601
Oklahoma St,Purdue,0.4516494477967583
Oklahoma St,Rhode Island,0.5441736149264089
Oklahoma St,S Dakota St,0.8833078591224195
Oklahoma St,Seton Hall,0.4736008156696476
Oklahoma St,SMU,0.3864183387731305
Oklahoma St,South Carolina,0.5932443271003499
Oklahoma St,St Mary's CA,0.47265945455598346
Oklahoma St,Troy,0.9216624240345807
Oklahoma St,TX Southern,0.9289136881172325
Oklahoma St,UC Davis,0.9264901843966866
Oklahoma St,UCLA,0.34131777801543806
Oklahoma St,UNC Wilmington,0.6900364664882213
Oklahoma St,USC,0.550059215412948
Oklahoma St,VA Commonwealth,0.5708238482315515
Oklahoma St,Vanderbilt,0.6676336766990778
Oklahoma St,Vermont,0.7964752425127125
Oklahoma St,Villanova,0.22648031778710997
Oklahoma St,Virginia,0.34426823321372946
Oklahoma St,Virginia Tech,0.5951380077430111
Oklahoma St,Wake Forest,0.6409717084696669
Oklahoma St,West Virginia,0.26961214943469836
Oklahoma St,Wichita St,0.3915664213816369
Oklahoma St,Winthrop,0.9026954658976518
Oklahoma St,Wisconsin,0.44729932450330656
Oklahoma St,Xavier,0.5031405325173111
Oregon,Princeton,0.8726677243200237
Oregon,Providence,0.7386784571765355
Oregon,Purdue,0.6080366141490808
Oregon,Rhode Island,0.6921588253802828
Oregon,S Dakota St,0.9344539698414789
Oregon,Seton Hall,0.6288718547465673
Oregon,SMU,0.5425672901982634
Oregon,South Carolina,0.7331118770954383
Oregon,St Mary's CA,0.6279900562472785
Oregon,Troy,0.9568195413944486
Oregon,TX Southern,0.9609543770282151
Oregon,UC Davis,0.9595756811573593
Oregon,UCLA,0.4939122663504366
Oregon,UNC Wilmington,0.8074250668984021
Oregon,USC,0.6971968933733442
Oregon,VA Commonwealth,0.7146932157284853
Oregon,Vanderbilt,0.7909360638074681
Oregon,Vermont,0.8805326098189505
Oregon,Villanova,0.3554385125627134
Oregon,Virginia,0.49718613272964585
Oregon,Virginia Tech,0.7346456554204368
Oregon,Wake Forest,0.7707691347342595
Oregon,West Virginia,0.41010867767131254
Oregon,Wichita St,0.5479379331166518
Oregon,Winthrop,0.9458647880269591
Oregon,Wisconsin,0.6038389118513057
Oregon,Xavier,0.6560266928012608
Princeton,Providence,0.2863822539668289
Princeton,Purdue,0.18048509071154328
Princeton,Rhode Island,0.24197175867502385
Princeton,S Dakota St,0.669312808059983
Princeton,Seton Hall,0.19391785914467574
Princeton,SMU,0.14412433349516074
Princeton,South Carolina,0.28056468371389176
Princeton,St Mary's CA,0.19332824579680907
Princeton,Troy,0.7587970537106413
Princeton,TX Southern,0.7774841746758323
Princeton,UC Davis,0.7711698367071749
Princeton,UCLA,0.12169422782756645
Princeton,UNC Wilmington,0.3731407891656777
Princeton,USC,0.2463553417692379
Princeton,VA Commonwealth,0.26233978717637263
Princeton,Vanderbilt,0.3494280848946454
Princeton,Vermont,0.5113361641703392
Princeton,Villanova,0.07260478168404272
Princeton,Virginia,0.12310099895382609
Princeton,Virginia Tech,0.2821526133880916
Princeton,Wake Forest,0.32311964992905284
Princeton,West Virginia,0.08983532978973907
Princeton,Wichita St,0.14681682411337182
Princeton,Winthrop,0.7126897808276192
Princeton,Wisconsin,0.1778994011403181
Princeton,Xavier,0.21307417213833213
Providence,Purdue,0.34429344283176855
Providence,Rhode Island,0.4321574356896226
Providence,S Dakota St,0.8283422878723036
Providence,Seton Hall,0.3644953504405156
Providence,SMU,0.2864673991718615
Providence,South Carolina,0.4818038026918674
Providence,St Mary's CA,0.36362105050447624
Providence,Troy,0.8823568887953217
Providence,TX Southern,0.8928233598461033
Providence,UC Davis,0.8893160578846183
Providence,UCLA,0.2483115287442509
Providence,UNC Wilmington,0.5866367851816514
Providence,USC,0.43799564429151616
Providence,VA Commonwealth,0.4588439857126847
Providence,Vanderbilt,0.5615096865610213
Providence,Vermont,0.7138583944856058
Providence,Villanova,0.15729371086494615
Providence,Virginia,0.25076408716366394
Providence,Virginia Tech,0.4837648313886158
Providence,Wake Forest,0.5322983481982286
Providence,West Virginia,0.19049425406911658
Providence,Wichita St,0.2909152270069123
Providence,Winthrop,0.8553667473805193
Providence,Wisconsin,0.3403355693614717
Providence,Xavier,0.3923014767102172
Purdue,Rhode Island,0.5837280802288429
Purdue,S Dakota St,0.8989011951486819
Purdue,Seton Hall,0.5138077871596611
Purdue,SMU,0.4252024261972267
Purdue,South Carolina,0.6314247460106583
Purdue,St Mary's CA,0.5128643711860293
Purdue,Troy,0.9325220460431265
Purdue,TX Southern,0.9388348066242922
Purdue,UC Davis,0.9367264986827859
Purdue,UCLA,0.3783665813689602
Purdue,UNC Wilmington,0.7233680058763269
Purdue,USC,0.5894882347139285
Purdue,VA Commonwealth,0.6097242916131496
Purdue,Vanderbilt,0.702335063892126
Purdue,Vermont,0.8213247407263574
Purdue,Villanova,0.2559068244807614
Purdue,Virginia,0.3814518301437938
Purdue,Virginia Tech,0.6332505627829622
Purdue,Wake Forest,0.6771105059247244
Purdue,West Virginia,0.3024515165867301
Purdue,Wichita St,0.4305046798192177
Purdue,Winthrop,0.9159446080655228
Purdue,Wisconsin,0.4873406158711806
Purdue,Xavier,0.5432671435162133
Rhode Island,S Dakota St,0.8654536537211924
Rhode Island,Seton Hall,0.43327918080101513
Rhode Island,SMU,0.3486037384548951
Rhode Island,South Carolina,0.5534460720008243
Rhode Island,St Mary's CA,0.43235213866116684
Rhode Island,Troy,0.9090724816189741
Rhode Island,TX Southern,0.9173846636317942
Rhode Island,UC Davis,0.9146042412746618
Rhode Island,UCLA,0.3057176501365141
Rhode Island,UNC Wilmington,0.6541881801767184
Rhode Island,USC,0.5095289602574206
Rhode Island,VA Commonwealth,0.5305677625947118
Rhode Island,Vanderbilt,0.6305815310242422
Rhode Island,Vermont,0.7688126505840642
Rhode Island,Villanova,0.19923498739168355
Rhode Island,Virginia,0.3085045012124321
Rhode Island,Virginia Tech,0.5553861733235579
Rhode Island,Wake Forest,0.602715979522906
Rhode Island,West Virginia,0.23877982461375502
Rhode Island,Wichita St,0.35353830985618984
Rhode Island,Winthrop,0.8874295775962993
Rhode Island,Wisconsin,0.4074835490237837
Rhode Island,Xavier,0.4625136732938093
S Dakota St,Seton Hall,0.1048819980280572
S Dakota St,SMU,0.0758008942017786
S Dakota St,South Carolina,0.15962364588788236
S Dakota St,St Mary's CA,0.1045279961115414
S Dakota St,Troy,0.6050918350606048
S Dakota St,TX Southern,0.6298786801424848
S Dakota St,UC Davis,0.6214153176587374
S Dakota St,UCLA,0.06321856995740516
S Dakota St,UNC Wilmington,0.22476080869794912
S Dakota St,USC,0.13734549123128714
S Dakota St,VA Commonwealth,0.14764260169286947
S Dakota St,Vanderbilt,0.20735835362028565
S Dakota St,Vermont,0.3375981192245975
S Dakota St,Villanova,0.03673078455427603
S Dakota St,Virginia,0.06399862463550055
S Dakota St,Virginia Tech,0.16067995483754172
S Dakota St,Wake Forest,0.18864472974054347
S Dakota St,West Virginia,0.045868806454447686
S Dakota St,Wichita St,0.07733231395176665
S Dakota St,Winthrop,0.547138349079367
S Dakota St,Wisconsin,0.09534832443909069
S Dakota St,Xavier,0.11651417113990747
Seton Hall,SMU,0.40296158608998545
Seton Hall,South Carolina,0.6098415479109334
Seton Hall,St Mary's CA,0.48994665655036584
Seton Hall,Troy,0.9265187641181042
Seton Hall,TX Southern,0.9333530102421441
Seton Hall,UC Davis,0.9310696229402492
Seton Hall,UCLA,0.35705377695003615
Seton Hall,UNC Wilmington,0.7046504660779355
Seton Hall,USC,0.5671328064978982
Seton Hall,VA Commonwealth,0.5877001037743573
Seton Hall,Vanderbilt,0.682818403222915
Seton Hall,Vermont,0.8074710967958603
Seton Hall,Villanova,0.23884167693831648
Seton Hall,Virginia,0.36006590045616826
Seton Hall,Virginia Tech,0.6117085336176133
Seton Hall,Wake Forest,0.6567482699444448
Seton Hall,West Virginia,0.28346495233015945
Seton Hall,Wichita St,0.40818344770986326
Seton Hall,Winthrop,0.9086110253593402
Seton Hall,Wisconsin,0.46447595511022655
Seton Hall,Xavier,0.5204423177187503
SMU,South Carolina,0.6873304333198139
SMU,St Mary's CA,0.5746388552362461
SMU,Troy,0.9466182120276697
SMU,TX Southern,0.9516805664510193
SMU,UC Davis,0.949991454562473
SMU,UCLA,0.4385244450476564
SMU,UNC Wilmington,0.7703987927183696
SMU,USC,0.6482109628885473
SMU,VA Commonwealth,0.6671866016054705
SMU,Vanderbilt,0.7517143447699155
SMU,Vermont,0.8550390781163181
SMU,Villanova,0.3061844412665924
SMU,Virginia,0.441751639653873
SMU,Virginia Tech,0.6890157059505331
SMU,Wake Forest,0.7290600137964419
SMU,West Virginia,0.35748042652921885
SMU,Wichita St,0.4923860862338023
SMU,Winthrop,0.933255944074293
SMU,Wisconsin,0.5495087394276088
SMU,Xavier,0.6041618898342995
South Carolina,St Mary's CA,0.3771467811975424
South Carolina,Troy,0.8882457888516857
South Carolina,TX Southern,0.8982487538980439
South Carolina,UC Davis,0.8948980950968303
South Carolina,UCLA,0.2592957114610849
South Carolina,UNC Wilmington,0.6006285442790342
South Carolina,USC,0.45232152948157
South Carolina,VA Commonwealth,0.47327752695821246
South Carolina,Vanderbilt,0.5757368579202553
South Carolina,Vermont,0.7255584504582064
South Carolina,Villanova,0.1651361833400068
South Carolina,Virginia,0.2618189720493187
South Carolina,Virginia Tech,0.49826051101146984
South Carolina,Wake Forest,0.5467081830433065
South Carolina,West Virginia,0.19959998834405823
South Carolina,Wichita St,0.30302427804567733
South Carolina,Winthrop,0.8623960042474262
South Carolina,Wisconsin,0.35347624908380504
South Carolina,Xavier,0.4062130609303145
St Mary's CA,Troy,0.9288910956454248
St Mary's CA,TX Southern,0.935520054438943
St Mary's CA,UC Davis,0.9333056067655789
St Mary's CA,UCLA,0.3652150410766737
St Mary's CA,UNC Wilmington,0.7119589172946015
St Mary's CA,USC,0.5757955834095233
St Mary's CA,VA Commonwealth,0.5962443075971557
St Mary's CA,Vanderbilt,0.6904297517217874
St Mary's CA,Vermont,0.8129107716792315
St Mary's CA,Villanova,0.24533195416088527
St Mary's CA,Virginia,0.36825657926861877
St Mary's CA,Virginia Tech,0.620076838300706
St Mary's CA,Wake Forest,0.664677995650151
St Mary's CA,West Virginia,0.29070470324717657
St Mary's CA,Wichita St,0.41675585800759807
St Mary's CA,Winthrop,0.9115062855648576
St Mary's CA,Wisconsin,0.473285145118846
St Mary's CA,Xavier,0.5292639157945727
Troy,TX Southern,0.5270080064295798
Troy,UC Davis,0.5179924179930305
Troy,UCLA,0.04231363317537251
Troy,UNC Wilmington,0.1595347342524961
Troy,USC,0.09439853295655476
Troy,VA Commonwealth,0.10185598475327584
Troy,Vanderbilt,0.14622990702640004
Troy,Vermont,0.2501944749917121
Troy,Villanova,0.024357015191238784
Troy,Virginia,0.04284753982259504
Troy,Virginia Tech,0.11137853984202994
Troy,Wake Forest,0.13211349128919636
Troy,West Virginia,0.030514160911574884
Troy,Wichita St,0.052019448009674174
Troy,Winthrop,0.44165596939996954
Troy,Wisconsin,0.0645509209285825
Troy,Xavier,0.07948086755053096
TX Southern,UC Davis,0.495500653763417
TX Southern,UCLA,0.03881315279566466
TX Southern,UNC Wilmington,0.14783384014645373
TX Southern,USC,0.08698056799715581
TX Southern,VA Commonwealth,0.09391277426274502
TX Southern,Vanderbilt,0.13534769409236347
TX Southern,Vermont,0.23369310663854537
TX Southern,Villanova,0.022307430383508242
TX Southern,Virginia,0.039304703675193786
TX Southern,Virginia Tech,0.10277769539533232
TX Southern,Wake Forest,0.12213152416712614
TX Southern,West Virginia,0.02796131564130544
TX Southern,Wichita St,0.04775607371426083
TX Southern,Winthrop,0.41959340687316105
TX Southern,Wisconsin,0.05932477345158238
TX Southern,Xavier,0.07314047675074287
UC Davis,UCLA,0.03873056939779973
UC Davis,UNC Wilmington,0.1475549013191675
UC Davis,USC,0.08680475354333017
UC Davis,VA Commonwealth,0.09372438607919054
UC Davis,Vanderbilt,0.1350885799084337
UC Davis,Vermont,0.23329651638872517
UC Davis,Villanova,0.022259153191749315
UC Davis,Virginia,0.039221117073311884
UC Davis,Virginia Tech,0.10257353737723585
UC Davis,Wake Forest,0.12189414459401848
UC Davis,West Virginia,0.027901151638195176
UC Davis,Wichita St,0.04765540571686255
UC Davis,Winthrop,0.4190538549759101
UC Davis,Wisconsin,0.05920123517986997
UC Davis,Xavier,0.07299040093507292
UCLA,UNC Wilmington,0.8152764795977591
UCLA,USC,0.7079166666672958
UCLA,VA Commonwealth,0.7250378687043268
UCLA,Vanderbilt,0.7992926341022917
UCLA,Vermont,0.8858248601397276
UCLA,Villanova,0.3672771409691147
UCLA,Virginia,0.510010304751972
UCLA,Virginia Tech,0.7445254724251975
UCLA,Wake Forest,0.7797072885641328
UCLA,West Virginia,0.42257442600505657
UCLA,Wichita St,0.5606116297203853
UCLA,Winthrop,0.9484323998125777
UCLA,Wisconsin,0.6160435918643599
UCLA,Xavier,0.6675088881695223
UNC Wilmington,USC,0.36846306982512134
UNC Wilmington,VA Commonwealth,0.3882883771362805
UNC Wilmington,Vanderbilt,0.48944556985221976
UNC Wilmington,Vermont,0.651282761055433
UNC Wilmington,Villanova,0.12260182978571299
UNC Wilmington,Virginia,0.20035828285336865
UNC Wilmington,Virginia Tech,0.4122967447115665
UNC Wilmington,Wake Forest,0.46004990245659216
UNC Wilmington,West Virginia,0.14978133109467395
UNC Wilmington,Wichita St,0.234969771323569
UNC Wilmington,Winthrop,0.8157499059268902
UNC Wilmington,Wisconsin,0.2786205494179572
UNC Wilmington,Xavier,0.3258174667731899
USC,VA Commonwealth,0.5192205421485767
USC,Vanderbilt,0.6199200146712198
USC,Vermont,0.7606261176252007
USC,Villanova,0.19207454877235297
USC,Virginia,0.29888273283240985
USC,Virginia Tech,0.5441234066293844
USC,Wake Forest,0.5917708877214372
USC,West Virginia,0.2306074486753117
USC,Wichita St,0.3432091184273106
USC,Winthrop,0.8828030745986424
USC,Wisconsin,0.39654505174894894
USC,Xavier,0.45122291063312436
VA Commonwealth,Vanderbilt,0.5975748658404447
VA Commonwealth,Vermont,0.743125441724356
VA Commonwealth,Villanova,0.17793158993752878
VA Commonwealth,Virginia,0.2795968773467469
VA Commonwealth,Virginia Tech,0.5207669664904298
VA Commonwealth,Wake Forest,0.5689216173352678
VA Commonwealth,West Virginia,0.21438007196511655
VA Commonwealth,Wichita St,0.3223781868946708
VA Commonwealth,Winthrop,0.8727403130000437
VA Commonwealth,Wisconsin,0.3743218823246274
VA Commonwealth,Xavier,0.4281093621288661
Vanderbilt,Vermont,0.6512490044919694
Vanderbilt,Villanova,0.12258584249846105
Vanderbilt,Virginia,0.2003344712376639
Vanderbilt,Virginia Tech,0.41226073100655336
Vanderbilt,Wake Forest,0.4600129824771818
Vanderbilt,West Virginia,0.14976240455676526
Vanderbilt,Wichita St,0.2349430548615763
Vanderbilt,Winthrop,0.8157275655449127
Vanderbilt,Wisconsin,0.2785906771577662
Vanderbilt,Xavier,0.32578481956279015
Vermont,Villanova,0.06956542756733919
Vermont,Virginia,0.11821724904529862
Vermont,Virginia Tech,0.2729227586129783
Vermont,Wake Forest,0.3131342498374706
Vermont,West Virginia,0.08614167521296401
Vermont,Wichita St,0.14114364364114607
Vermont,Winthrop,0.7031720014171826
Vermont,Wisconsin,0.1712662521770245
Vermont,Xavier,0.2054572712048769
Villanova,Virginia,0.6368986164902803
Villanova,Virginia Tech,0.830827907043834
Villanova,Wake Forest,0.8564168886031827
Villanova,West Virginia,0.5522257809130264
Villanova,Wichita St,0.6825523961638851
Villanova,Winthrop,0.9687442949541378
Villanova,Wisconsin,0.7300094513408009
Villanova,Xavier,0.7718560718651851
Virginia,Virginia Tech,0.7325440012956455
Virginia,Wake Forest,0.7688635700164925
Virginia,West Virginia,0.40750964805472056
Virginia,Wichita St,0.5452728346849907
Virginia,Winthrop,0.9453114938423108
Virginia,Wisconsin,0.6012635514176008
Virginia,Xavier,0.6535959700088152
Virginia Tech,Wake Forest,0.5463703424534023
Virginia Tech,West Virginia,0.19938229732501944
Virginia Tech,Wichita St,0.30273645259166526
Virginia Tech,Winthrop,0.8622341578267649
Virginia Tech,Wisconsin,0.35316478447474897
Virginia Tech,Xavier,0.40588430036083
Wake Forest,West Virginia,0.17270610115449148
Wake Forest,Wichita St,0.2668409183488175
Wake Forest,Winthrop,0.8399104880537716
Wake Forest,Wisconsin,0.3139824695613225
Wake Forest,Xavier,0.3641457545837141
West Virginia,Wichita St,0.6423920544930334
West Virginia,Winthrop,0.9628177908234875
West Virginia,Wisconsin,0.6931538592941106
West Virginia,Xavier,0.7386679002963742
Wichita St,Winthrop,0.9315795608338843
Wichita St,Wisconsin,0.5429145920529677
Wichita St,Xavier,0.5977821740823489
Winthrop,Wisconsin,0.08014059958007125
Winthrop,Xavier,0.09829738288487755
Wisconsin,Xavier,0.5507241380841452
